material_id,formula_pretty,chemsys_query,host_id,mix_site,label,is_stable,energy_above_hull,classical_t,wtf,sigma_A,sigma_B,delta_q,r_A_eff,r_B_eff,q_A_eff,q_B_eff,A_elements,A_amounts,B_elements,B_amounts,normalized_composition
mp-1228091,Ba4CaTi5O15,Ba-Ca-O-Ti,Ba-Ca-O-Ti,A,1,False,0.028055349899998,1.0615418510581087,1.0424975786470996,0.108,0.0,0.0,1.5560000000000005,0.605,2.0,4.0,"[""Ba"", ""Ca""]","[0.8, 0.2]","[""Ti""]",[1.0],"{""Ba"": 0.8, ""Ca"": 0.2, ""Ti"": 1.0, ""O"": 3.0}"
mp-1228072,Ba4CaZr5O15,Ba-Ca-O-Zr,Ba-Ca-O-Zr,A,1,False,0.040965421300004,1.0039582129110884,0.985947002446903,0.108,0.0,0.0,1.5560000000000005,0.72,2.0,4.0,"[""Ba"", ""Ca""]","[0.8, 0.2]","[""Zr""]",[1.0],"{""Ba"": 0.8, ""Ca"": 0.2, ""Zr"": 1.0, ""O"": 3.0}"
mp-1228100,Ba4CaZr5O15,Ba-Ca-O-Zr,Ba-Ca-O-Zr,A,1,False,0.044701174900003,1.0039582129110884,0.985947002446903,0.108,0.0,0.0,1.5560000000000005,0.72,2.0,4.0,"[""Ba"", ""Ca""]","[0.8, 0.2]","[""Zr""]",[1.0],"{""Ba"": 0.8, ""Ca"": 0.2, ""Zr"": 1.0, ""O"": 3.0}"
mp-1228173,Ba4CaZr5O15,Ba-Ca-O-Zr,Ba-Ca-O-Zr,A,1,False,0.039291286900004,1.0039582129110884,0.985947002446903,0.108,0.0,0.0,1.5560000000000005,0.72,2.0,4.0,"[""Ba"", ""Ca""]","[0.8, 0.2]","[""Zr""]",[1.0],"{""Ba"": 0.8, ""Ca"": 0.2, ""Zr"": 1.0, ""O"": 3.0}"
mp-1523158,BaCaZr2O6,Ba-Ca-O-Zr,Ba-Ca-O-Zr,A,1,False,0.039226533250003,1.0039582129110884,0.9589301867506244,0.135,0.0,0.0,1.475,0.72,2.0,4.0,"[""Ba"", ""Ca""]","[0.5, 0.5]","[""Zr""]",[1.0],"{""Ba"": 0.5, ""Ca"": 0.5, ""Zr"": 1.0, ""O"": 3.0}"
mp-1523234,BaCaZr2O6,Ba-Ca-O-Zr,Ba-Ca-O-Zr,A,0,False,0.096283804250004,1.0039582129110884,0.9589301867506244,0.135,0.0,0.0,1.475,0.72,2.0,4.0,"[""Ba"", ""Ca""]","[0.5, 0.5]","[""Zr""]",[1.0],"{""Ba"": 0.5, ""Ca"": 0.5, ""Zr"": 1.0, ""O"": 3.0}"
mp-1224039,K4BaNb5O15,Ba-K-Nb-O,Ba-K-Nb-O,A,1,True,0.0,1.0537277523564237,1.0516480265294044,0.0119999999999999,0.0,0.2000000000000001,1.634,0.64,1.2000000000000002,5.0,"[""Ba"", ""K""]","[0.2, 0.8]","[""Nb""]",[1.0],"{""K"": 0.8, ""Ba"": 0.2, ""Nb"": 1.0, ""O"": 3.0}"
mp-1223493,KBa2Nb3O9,Ba-K-Nb-O,Ba-K-Nb-O,A,1,True,0.0,1.043329123221327,1.046795332933026,0.0141421356237308,0.0,0.6666666666666661,1.62,0.64,1.6666666666666663,5.0,"[""Ba"", ""K""]","[0.6666666666666666, 0.3333333333333333]","[""Nb""]",[1.0],"{""K"": 0.3333333333333333, ""Ba"": 0.6666666666666666, ""Nb"": 1.0, ""O"": 3.0}"
mp-1228521,Ba2La(FeO3)3,Ba-Fe-La-O,Ba-Fe-La-O,A,1,False,0.00893532222223,1.0407781962696858,1.0119637390086205,0.1178511301977579,0.0,0.666666666666667,1.5266666666666666,0.645,2.333333333333333,3.0,"[""Ba"", ""La""]","[0.6666666666666666, 0.3333333333333333]","[""Fe""]",[1.0],"{""Ba"": 0.6666666666666666, ""La"": 0.3333333333333333, ""Fe"": 1.0, ""O"": 3.0}"
mp-1227910,BaLa(FeO3)2,Ba-Fe-La-O,Ba-Fe-La-O,A,1,False,0.042231816666665,1.0407781962696858,0.9975565103780876,0.125,0.0,0.5,1.485,0.645,2.5,3.0,"[""Ba"", ""La""]","[0.5, 0.5]","[""Fe""]",[1.0],"{""Ba"": 0.5, ""La"": 0.5, ""Fe"": 1.0, ""O"": 3.0}"
mp-1272303,BaLa(FeO3)2,Ba-Fe-La-O,Ba-Fe-La-O,A,1,False,0.047382941666665,1.0407781962696858,0.9975565103780876,0.125,0.0,0.5,1.485,0.645,2.5,3.0,"[""Ba"", ""La""]","[0.5, 0.5]","[""Fe""]",[1.0],"{""Ba"": 0.5, ""La"": 0.5, ""Fe"": 1.0, ""O"": 3.0}"
mp-1227923,BaLa3Mn4O12,Ba-La-Mn-O,Ba-La-Mn-O,A,0,False,0.162342267662499,1.011199334753819,1.0340978704140051,0.1082531754730548,0.0,0.75,1.4225,0.53,2.75,4.0,"[""Ba"", ""La""]","[0.25, 0.75]","[""Mn""]",[1.0],"{""Ba"": 0.25, ""La"": 0.75, ""Mn"": 1.0, ""O"": 3.0}"
mp-1228047,BaLa3Mn4O12,Ba-La-Mn-O,Ba-La-Mn-O,A,0,False,0.146632772662499,1.011199334753819,1.0340978704140051,0.1082531754730548,0.0,0.75,1.4225,0.53,2.75,4.0,"[""Ba"", ""La""]","[0.25, 0.75]","[""Mn""]",[1.0],"{""Ba"": 0.25, ""La"": 0.75, ""Mn"": 1.0, ""O"": 3.0}"
mp-1273441,BaLa3Mn4O12,Ba-La-Mn-O,Ba-La-Mn-O,A,0,False,0.1584162021625,1.011199334753819,1.0340978704140051,0.1082531754730548,0.0,0.75,1.4225,0.53,2.75,4.0,"[""Ba"", ""La""]","[0.25, 0.75]","[""Mn""]",[1.0],"{""Ba"": 0.25, ""La"": 0.75, ""Mn"": 1.0, ""O"": 3.0}"
mp-1314330,BaLa3Mn4O12,Ba-La-Mn-O,Ba-La-Mn-O,A,0,False,0.1732745431625,1.011199334753819,1.0340978704140051,0.1082531754730548,0.0,0.75,1.4225,0.53,2.75,4.0,"[""Ba"", ""La""]","[0.25, 0.75]","[""Mn""]",[1.0],"{""Ba"": 0.25, ""La"": 0.75, ""Mn"": 1.0, ""O"": 3.0}"
mp-743768,BaLa3Mn4O12,Ba-La-Mn-O,Ba-La-Mn-O,A,0,False,0.1481659271625,1.011199334753819,1.0340978704140051,0.1082531754730548,0.0,0.75,1.4225,0.53,2.75,4.0,"[""Ba"", ""La""]","[0.25, 0.75]","[""Mn""]",[1.0],"{""Ba"": 0.25, ""La"": 0.75, ""Mn"": 1.0, ""O"": 3.0}"
mp-1228080,BaLa4Mn5O15,Ba-La-Mn-O,Ba-La-Mn-O,A,0,False,0.171982948956669,1.011199334753819,1.029518163281968,0.1,0.0,0.8000000000000007,1.41,0.53,2.8000000000000003,4.0,"[""Ba"", ""La""]","[0.2, 0.8]","[""Mn""]",[1.0],"{""Ba"": 0.2, ""La"": 0.8, ""Mn"": 1.0, ""O"": 3.0}"
mp-1227844,BaLaMn2O6,Ba-La-Mn-O,Ba-La-Mn-O,A,0,False,0.155091302266694,1.1027934773945636,1.0569964060741914,0.125,0.0,0.5,1.485,0.53,2.5,4.0,"[""Ba"", ""La""]","[0.5, 0.5]","[""Mn""]",[1.0],"{""Ba"": 0.5, ""La"": 0.5, ""Mn"": 1.0, ""O"": 3.0}"
mp-1275184,BaLaMn2O6,Ba-La-Mn-O,Ba-La-Mn-O,A,0,False,0.151403825266694,1.1027934773945636,1.0569964060741914,0.125,0.0,0.5,1.485,0.53,2.5,4.0,"[""Ba"", ""La""]","[0.5, 0.5]","[""Mn""]",[1.0],"{""Ba"": 0.5, ""La"": 0.5, ""Mn"": 1.0, ""O"": 3.0}"
mp-1275970,BaLaMn2O6,Ba-La-Mn-O,Ba-La-Mn-O,A,0,False,0.176249155266695,1.1027934773945636,1.0569964060741914,0.125,0.0,0.5,1.485,0.53,2.5,4.0,"[""Ba"", ""La""]","[0.5, 0.5]","[""Mn""]",[1.0],"{""Ba"": 0.5, ""La"": 0.5, ""Mn"": 1.0, ""O"": 3.0}"
mp-1295929,BaLaMn2O6,Ba-La-Mn-O,Ba-La-Mn-O,A,0,False,0.166960674266695,1.1027934773945636,1.0569964060741914,0.125,0.0,0.5,1.485,0.53,2.5,4.0,"[""Ba"", ""La""]","[0.5, 0.5]","[""Mn""]",[1.0],"{""Ba"": 0.5, ""La"": 0.5, ""Mn"": 1.0, ""O"": 3.0}"
mp-19245,BaLaMn2O6,Ba-La-Mn-O,Ba-La-Mn-O,A,0,False,0.109922800266694,1.1027934773945636,1.0569964060741914,0.125,0.0,0.5,1.485,0.53,2.5,4.0,"[""Ba"", ""La""]","[0.5, 0.5]","[""Mn""]",[1.0],"{""Ba"": 0.5, ""La"": 0.5, ""Mn"": 1.0, ""O"": 3.0}"
mp-1227836,BaNd(FeO3)2,Ba-Fe-Nd-O,Ba-Fe-Nd-O,A,0,False,0.065094845666665,1.0407781962696858,0.9871833057641042,0.155,0.0,0.5,1.455,0.645,2.5,3.0,"[""Ba"", ""Nd""]","[0.5, 0.5]","[""Fe""]",[1.0],"{""Ba"": 0.5, ""Nd"": 0.5, ""Fe"": 1.0, ""O"": 3.0}"
mp-22571,BaNdMn2O6,Ba-Mn-Nd-O,Ba-Mn-Nd-O,A,1,False,0.039481043833346,1.1027934773945636,1.046005108957302,0.155,0.0,0.5,1.455,0.53,2.5,4.0,"[""Ba"", ""Nd""]","[0.5, 0.5]","[""Mn""]",[1.0],"{""Ba"": 0.5, ""Nd"": 0.5, ""Mn"": 1.0, ""O"": 3.0}"
mp-1521402,BaNdZr2O6,Ba-Nd-O-Zr,Ba-Nd-O-Zr,A,0,False,0.169006809762503,1.0039582129110884,0.9522593680601852,0.155,0.0,0.5,1.455,0.72,2.5,4.0,"[""Ba"", ""Nd""]","[0.5, 0.5]","[""Zr""]",[1.0],"{""Ba"": 0.5, ""Nd"": 0.5, ""Zr"": 1.0, ""O"": 3.0}"
mp-1521502,BaNdZr2O6,Ba-Nd-O-Zr,Ba-Nd-O-Zr,A,0,False,0.179391322012504,1.0039582129110884,0.9522593680601852,0.155,0.0,0.5,1.455,0.72,2.5,4.0,"[""Ba"", ""Nd""]","[0.5, 0.5]","[""Zr""]",[1.0],"{""Ba"": 0.5, ""Nd"": 0.5, ""Zr"": 1.0, ""O"": 3.0}"
mp-1521540,BaNdZr2O6,Ba-Nd-O-Zr,Ba-Nd-O-Zr,A,0,False,0.172841334262503,1.0039582129110884,0.9522593680601852,0.155,0.0,0.5,1.455,0.72,2.5,4.0,"[""Ba"", ""Nd""]","[0.5, 0.5]","[""Zr""]",[1.0],"{""Ba"": 0.5, ""Nd"": 0.5, ""Zr"": 1.0, ""O"": 3.0}"
mp-1227914,BaPr2Mn3O9,Ba-Mn-O-Pr,Ba-Mn-O-Pr,A,1,False,0.033164554555579,0.9965442719313,1.031960673752388,0.1367073110293992,0.0,0.6666666666666661,1.4166666666666663,0.53,2.6666666666666665,4.0,"[""Ba"", ""Pr""]","[0.3333333333333333, 0.6666666666666666]","[""Mn""]",[1.0],"{""Ba"": 0.3333333333333333, ""Pr"": 0.6666666666666666, ""Mn"": 1.0, ""O"": 3.0}"
mp-19274,BaPrMn2O6,Ba-Mn-O-Pr,Ba-Mn-O-Pr,A,1,False,0.029358112333346,1.1027934773945636,1.049668874662932,0.145,0.0,0.5,1.465,0.53,2.5,4.0,"[""Ba"", ""Pr""]","[0.5, 0.5]","[""Mn""]",[1.0],"{""Ba"": 0.5, ""Pr"": 0.5, ""Mn"": 1.0, ""O"": 3.0}"
mp-1228328,Ba4Sr(FeO3)5,Ba-Fe-O-Sr,Ba-Fe-O-Sr,A,1,False,0.008523991866669,1.0407781962696858,1.0290218977071712,0.068,0.0,1.0,1.5760000000000003,0.645,2.0,3.0,"[""Ba"", ""Sr""]","[0.8, 0.2]","[""Fe""]",[1.0],"{""Ba"": 0.8, ""Sr"": 0.2, ""Fe"": 1.0, ""O"": 3.0}"
mp-1651542,Ba4Sr(FeO3)5,Ba-Fe-O-Sr,Ba-Fe-O-Sr,A,1,False,0.01084802226667,1.0407781962696858,1.0290218977071712,0.068,0.0,1.0,1.5760000000000003,0.645,2.0,3.0,"[""Ba"", ""Sr""]","[0.8, 0.2]","[""Fe""]",[1.0],"{""Ba"": 0.8, ""Sr"": 0.2, ""Fe"": 1.0, ""O"": 3.0}"
mp-1666361,Ba4Sr(FeO3)5,Ba-Fe-O-Sr,Ba-Fe-O-Sr,A,1,False,0.010762902266669,1.0407781962696858,1.0290218977071712,0.068,0.0,1.0,1.5760000000000003,0.645,2.0,3.0,"[""Ba"", ""Sr""]","[0.8, 0.2]","[""Fe""]",[1.0],"{""Ba"": 0.8, ""Sr"": 0.2, ""Fe"": 1.0, ""O"": 3.0}"
mp-1227735,BaSr(FeO3)2,Ba-Fe-O-Sr,Ba-Fe-O-Sr,A,1,False,0.005347741666664,1.0407781962696858,1.011387449863399,0.085,0.0,1.0,1.525,0.645,2.0,3.0,"[""Ba"", ""Sr""]","[0.5, 0.5]","[""Fe""]",[1.0],"{""Ba"": 0.5, ""Sr"": 0.5, ""Fe"": 1.0, ""O"": 3.0}"
mp-1227727,BaSr4(FeO3)5,Ba-Fe-O-Sr,Ba-Fe-O-Sr,A,1,False,0.003934411466659,0.9819967034571124,0.993753002019627,0.068,0.0,1.0,1.474,0.645,2.0,3.0,"[""Ba"", ""Sr""]","[0.2, 0.8]","[""Fe""]",[1.0],"{""Ba"": 0.2, ""Sr"": 0.8, ""Fe"": 1.0, ""O"": 3.0}"
mp-1227739,BaSr4(FeO3)5,Ba-Fe-O-Sr,Ba-Fe-O-Sr,A,1,False,0.003671963066659,0.9819967034571124,0.993753002019627,0.068,0.0,1.0,1.474,0.645,2.0,3.0,"[""Ba"", ""Sr""]","[0.2, 0.8]","[""Fe""]",[1.0],"{""Ba"": 0.2, ""Sr"": 0.8, ""Fe"": 1.0, ""O"": 3.0}"
mp-1643334,BaSr4(FeO3)5,Ba-Fe-O-Sr,Ba-Fe-O-Sr,A,1,False,0.00687423286666,0.9819967034571124,0.993753002019627,0.068,0.0,1.0,1.474,0.645,2.0,3.0,"[""Ba"", ""Sr""]","[0.2, 0.8]","[""Fe""]",[1.0],"{""Ba"": 0.2, ""Sr"": 0.8, ""Fe"": 1.0, ""O"": 3.0}"
mp-1666600,BaSr4(FeO3)5,Ba-Fe-O-Sr,Ba-Fe-O-Sr,A,1,False,0.00474974206666,0.9819967034571124,0.993753002019627,0.068,0.0,1.0,1.474,0.645,2.0,3.0,"[""Ba"", ""Sr""]","[0.2, 0.8]","[""Fe""]",[1.0],"{""Ba"": 0.2, ""Sr"": 0.8, ""Fe"": 1.0, ""O"": 3.0}"
mp-1099685,BaSr7(FeO3)8,Ba-Fe-O-Sr,Ba-Fe-O-Sr,A,1,False,0.004474747166664,0.9819967034571124,0.989344390058684,0.0562222153601226,0.0,1.0,1.46125,0.645,2.0,3.0,"[""Ba"", ""Sr""]","[0.125, 0.875]","[""Fe""]",[1.0],"{""Ba"": 0.125, ""Sr"": 0.875, ""Fe"": 1.0, ""O"": 3.0}"
mp-1228088,Ba4SrHf5O15,Ba-Hf-O-Sr,Ba-Hf-O-Sr,A,1,False,0.008037966599999,1.0087163087068758,0.9973221710005524,0.068,0.0,0.0,1.5760000000000003,0.71,2.0,4.0,"[""Ba"", ""Sr""]","[0.8, 0.2]","[""Hf""]",[1.0],"{""Ba"": 0.8, ""Sr"": 0.2, ""Hf"": 1.0, ""O"": 3.0}"
mp-1227712,BaSr3Mn4O12,Ba-Mn-O-Sr,Ba-Mn-O-Sr,A,1,False,0.028872397291637,1.0405094603988574,1.0560804646477842,0.0736121593216773,0.0,0.0,1.4825000000000002,0.53,2.0,4.0,"[""Ba"", ""Sr""]","[0.25, 0.75]","[""Mn""]",[1.0],"{""Ba"": 0.25, ""Sr"": 0.75, ""Mn"": 1.0, ""O"": 3.0}"
mp-1227420,BaSrMn2O6,Ba-Mn-O-Sr,Ba-Mn-O-Sr,A,1,False,0.012634823083303,1.1027934773945636,1.0716514688967105,0.085,0.0,0.0,1.525,0.53,2.0,4.0,"[""Ba"", ""Sr""]","[0.5, 0.5]","[""Mn""]",[1.0],"{""Ba"": 0.5, ""Sr"": 0.5, ""Mn"": 1.0, ""O"": 3.0}"
mp-1228079,Ba3Sr(SnO3)4,Ba-O-Sn-Sr,Ba-O-Sn-Sr,A,1,False,0.013409117375,1.0183690963500038,1.003990130703866,0.0736121593216773,0.0,0.0,1.5675,0.69,2.0,4.0,"[""Ba"", ""Sr""]","[0.75, 0.25]","[""Sn""]",[1.0],"{""Ba"": 0.75, ""Sr"": 0.25, ""Sn"": 1.0, ""O"": 3.0}"
mp-1228076,Ba4Sr(SnO3)5,Ba-O-Sn-Sr,Ba-O-Sn-Sr,A,1,False,0.010956773499999,1.0183690963500038,1.0068659238330937,0.068,0.0,0.0,1.5760000000000003,0.69,2.0,4.0,"[""Ba"", ""Sr""]","[0.8, 0.2]","[""Sn""]",[1.0],"{""Ba"": 0.8, ""Sr"": 0.2, ""Sn"": 1.0, ""O"": 3.0}"
mp-1228101,Ba4Sr(SnO3)5,Ba-O-Sn-Sr,Ba-O-Sn-Sr,A,1,False,0.011592231499998,1.0183690963500038,1.0068659238330937,0.068,0.0,0.0,1.5760000000000003,0.69,2.0,4.0,"[""Ba"", ""Sr""]","[0.8, 0.2]","[""Sn""]",[1.0],"{""Ba"": 0.8, ""Sr"": 0.2, ""Sn"": 1.0, ""O"": 3.0}"
mp-1227736,BaSr(SnO3)2,Ba-O-Sn-Sr,Ba-O-Sn-Sr,A,1,False,0.02830617575,1.0183690963500038,0.989611165057728,0.085,0.0,0.0,1.525,0.69,2.0,4.0,"[""Ba"", ""Sr""]","[0.5, 0.5]","[""Sn""]",[1.0],"{""Ba"": 0.5, ""Sr"": 0.5, ""Sn"": 1.0, ""O"": 3.0}"
mp-1227742,BaSr(SnO3)2,Ba-O-Sn-Sr,Ba-O-Sn-Sr,A,1,False,0.024053922749999,1.0183690963500038,0.989611165057728,0.085,0.0,0.0,1.525,0.69,2.0,4.0,"[""Ba"", ""Sr""]","[0.5, 0.5]","[""Sn""]",[1.0],"{""Ba"": 0.5, ""Sr"": 0.5, ""Sn"": 1.0, ""O"": 3.0}"
mp-1227830,BaSr2(SnO3)3,Ba-O-Sn-Sr,Ba-O-Sn-Sr,A,1,False,0.011656806666664,0.9608532337654522,0.9800251879603028,0.0801387685344754,0.0,0.0,1.4966666666666666,0.69,2.0,4.0,"[""Ba"", ""Sr""]","[0.3333333333333333, 0.6666666666666666]","[""Sn""]",[1.0],"{""Ba"": 0.3333333333333333, ""Sr"": 0.6666666666666666, ""Sn"": 1.0, ""O"": 3.0}"
mp-1075943,Ba3Sr5Ti8O24,Ba-O-Sr-Ti,Ba-O-Sr-Ti,A,1,False,0.007813589499999,1.001587660134561,1.0240704817308912,0.0823008961069076,0.0,0.0,1.50375,0.605,2.0,4.0,"[""Ba"", ""Sr""]","[0.375, 0.625]","[""Ti""]",[1.0],"{""Ba"": 0.375, ""Sr"": 0.625, ""Ti"": 1.0, ""O"": 3.0}"
mp-1227688,BaSr3Ti4O12,Ba-O-Sr-Ti,Ba-O-Sr-Ti,A,1,False,0.0037099405,1.001587660134561,1.016576207865448,0.0736121593216773,0.0,0.0,1.4825000000000002,0.605,2.0,4.0,"[""Ba"", ""Sr""]","[0.25, 0.75]","[""Ti""]",[1.0],"{""Ba"": 0.25, ""Sr"": 0.75, ""Ti"": 1.0, ""O"": 3.0}"
mp-1227710,BaSr4Ti5O15,Ba-O-Sr-Ti,Ba-O-Sr-Ti,A,1,False,0.005611855599992,1.001587660134561,1.0135784983192706,0.068,0.0,0.0,1.474,0.605,2.0,4.0,"[""Ba"", ""Sr""]","[0.2, 0.8]","[""Ti""]",[1.0],"{""Ba"": 0.2, ""Sr"": 0.8, ""Ti"": 1.0, ""O"": 3.0}"
mp-1099778,BaSr7Ti8O24,Ba-O-Sr-Ti,Ba-O-Sr-Ti,A,1,False,0.004088018499999,1.001587660134561,1.0090819340000046,0.0562222153601226,0.0,0.0,1.46125,0.605,2.0,4.0,"[""Ba"", ""Sr""]","[0.125, 0.875]","[""Ti""]",[1.0],"{""Ba"": 0.125, ""Sr"": 0.875, ""Ti"": 1.0, ""O"": 3.0}"
mp-1227336,BaSrTi2O6,Ba-O-Sr-Ti,Ba-O-Sr-Ti,A,1,False,0.008565442999982,1.0615418510581087,1.0315647555963348,0.085,0.0,0.0,1.525,0.605,2.0,4.0,"[""Ba"", ""Sr""]","[0.5, 0.5]","[""Ti""]",[1.0],"{""Ba"": 0.5, ""Sr"": 0.5, ""Ti"": 1.0, ""O"": 3.0}"
mp-1227775,BaSr3Zr4O12,Ba-O-Sr-Zr,Ba-O-Sr-Zr,A,1,False,0.009410113124996,0.947256254042356,0.9614317437595392,0.0736121593216773,0.0,0.0,1.4825000000000002,0.72,2.0,4.0,"[""Ba"", ""Sr""]","[0.25, 0.75]","[""Zr""]",[1.0],"{""Ba"": 0.25, ""Sr"": 0.75, ""Zr"": 1.0, ""O"": 3.0}"
mp-1521140,BaSrZr2O6,Ba-O-Sr-Zr,Ba-O-Sr-Zr,A,1,False,0.027815637749998,1.0039582129110884,0.9756072334767222,0.085,0.0,0.0,1.525,0.72,2.0,4.0,"[""Ba"", ""Sr""]","[0.5, 0.5]","[""Zr""]",[1.0],"{""Ba"": 0.5, ""Sr"": 0.5, ""Zr"": 1.0, ""O"": 3.0}"
mp-1521172,BaSrZr2O6,Ba-O-Sr-Zr,Ba-O-Sr-Zr,A,1,False,0.028209791749997,1.0039582129110884,0.9756072334767222,0.085,0.0,0.0,1.525,0.72,2.0,4.0,"[""Ba"", ""Sr""]","[0.5, 0.5]","[""Zr""]",[1.0],"{""Ba"": 0.5, ""Sr"": 0.5, ""Zr"": 1.0, ""O"": 3.0}"
mp-1048852,CaLaCr2O6,Ca-Cr-La-O,Ca-Cr-La-O,A,1,False,0.034090690500001,0.961524853821906,0.9650340686168764,0.01,0.0,0.5,1.35,0.615,2.5,3.0,"[""Ca"", ""La""]","[0.5, 0.5]","[""Cr""]",[1.0],"{""Ca"": 0.5, ""La"": 0.5, ""Cr"": 1.0, ""O"": 3.0}"
mp-1043900,CaLa(FeO3)2,Ca-Fe-La-O,Ca-Fe-La-O,A,1,False,0.000784221750002,0.947419354743834,0.9508770896151616,0.01,0.0,0.5,1.35,0.645,2.5,3.0,"[""Ca"", ""La""]","[0.5, 0.5]","[""Fe""]",[1.0],"{""Ca"": 0.5, ""La"": 0.5, ""Fe"": 1.0, ""O"": 3.0}"
mp-1227525,CaLa2(FeO3)3,Ca-Fe-La-O,Ca-Fe-La-O,A,1,False,0.007274074666669,0.9543348244864894,0.9520296679056044,0.0094280904158206,0.0,0.3333333333333339,1.3533333333333335,0.645,2.6666666666666665,3.0,"[""Ca"", ""La""]","[0.3333333333333333, 0.6666666666666666]","[""Fe""]",[1.0],"{""Ca"": 0.3333333333333333, ""La"": 0.6666666666666666, ""Fe"": 1.0, ""O"": 3.0}"
mp-1227194,CaLa3(FeO3)4,Ca-Fe-La-O,Ca-Fe-La-O,A,1,False,0.012602566875003,0.9543348244864894,0.9526059570508256,0.0086602540378443,0.0,0.25,1.355,0.645,2.75,3.0,"[""Ca"", ""La""]","[0.25, 0.75]","[""Fe""]",[1.0],"{""Ca"": 0.25, ""La"": 0.75, ""Fe"": 1.0, ""O"": 3.0}"
mp-1227659,Ca2LaMn3O9,Ca-La-Mn-O,Ca-La-Mn-O,A,0,False,0.078342723888887,1.0038718033425598,1.0063143138129795,0.0094280904158206,0.0,0.333333333333333,1.346666666666667,0.53,2.333333333333333,4.0,"[""Ca"", ""La""]","[0.6666666666666666, 0.3333333333333333]","[""Mn""]",[1.0],"{""Ca"": 0.6666666666666666, ""La"": 0.3333333333333333, ""Mn"": 1.0, ""O"": 3.0}"
mp-1227732,Ca3LaMn4O12,Ca-La-Mn-O,Ca-La-Mn-O,A,0,False,0.066062269124993,1.0038718033425598,1.0057036861953743,0.0086602540378443,0.0,0.25,1.3450000000000002,0.53,2.25,4.0,"[""Ca"", ""La""]","[0.75, 0.25]","[""Mn""]",[1.0],"{""Ca"": 0.75, ""La"": 0.25, ""Mn"": 1.0, ""O"": 3.0}"
mp-1315251,Ca3LaMn4O12,Ca-La-Mn-O,Ca-La-Mn-O,A,0,False,0.078513217624994,1.0038718033425598,1.0057036861953743,0.0086602540378443,0.0,0.25,1.3450000000000002,0.53,2.25,4.0,"[""Ca"", ""La""]","[0.75, 0.25]","[""Mn""]",[1.0],"{""Ca"": 0.75, ""La"": 0.25, ""Mn"": 1.0, ""O"": 3.0}"
mp-706340,Ca9LaMn10O30,Ca-La-Mn-O,Ca-La-Mn-O,A,1,False,0.047267432449999,1.0038718033425598,1.0046045564836856,0.006,0.0,0.0999999999999996,1.342,0.53,2.1,4.0,"[""Ca"", ""La""]","[0.9, 0.1]","[""Mn""]",[1.0],"{""Ca"": 0.9, ""La"": 0.1, ""Mn"": 1.0, ""O"": 3.0}"
mp-1227500,CaLa2Mn3O9,Ca-La-Mn-O,Ca-La-Mn-O,A,0,False,0.138346652277782,1.011199334753819,1.0087568242833993,0.0094280904158206,0.0,0.6666666666666661,1.3533333333333335,0.53,2.6666666666666665,4.0,"[""Ca"", ""La""]","[0.3333333333333333, 0.6666666666666666]","[""Mn""]",[1.0],"{""Ca"": 0.3333333333333333, ""La"": 0.6666666666666666, ""Mn"": 1.0, ""O"": 3.0}"
mp-1227850,CaLa2Mn3O9,Ca-La-Mn-O,Ca-La-Mn-O,A,0,False,0.138747637444449,1.011199334753819,1.0087568242833993,0.0094280904158206,0.0,0.6666666666666661,1.3533333333333335,0.53,2.6666666666666665,4.0,"[""Ca"", ""La""]","[0.3333333333333333, 0.6666666666666666]","[""Mn""]",[1.0],"{""Ca"": 0.3333333333333333, ""La"": 0.6666666666666666, ""Mn"": 1.0, ""O"": 3.0}"
mp-1227182,CaLa3Mn4O12,Ca-La-Mn-O,Ca-La-Mn-O,A,0,False,0.15446641105,1.011199334753819,1.0093674519010043,0.0086602540378443,0.0,0.75,1.355,0.53,2.75,4.0,"[""Ca"", ""La""]","[0.25, 0.75]","[""Mn""]",[1.0],"{""Ca"": 0.25, ""La"": 0.75, ""Mn"": 1.0, ""O"": 3.0}"
mp-1303495,CaLa3Mn4O12,Ca-La-Mn-O,Ca-La-Mn-O,A,0,False,0.156795622549999,1.011199334753819,1.0093674519010043,0.0086602540378443,0.0,0.75,1.355,0.53,2.75,4.0,"[""Ca"", ""La""]","[0.25, 0.75]","[""Mn""]",[1.0],"{""Ca"": 0.25, ""La"": 0.75, ""Mn"": 1.0, ""O"": 3.0}"
mp-1198744,CaLaMn2O6,Ca-La-Mn-O,Ca-La-Mn-O,A,0,False,0.110092309666669,1.0038718033425598,1.0075355690481893,0.01,0.0,0.5,1.35,0.53,2.5,4.0,"[""Ca"", ""La""]","[0.5, 0.5]","[""Mn""]",[1.0],"{""Ca"": 0.5, ""La"": 0.5, ""Mn"": 1.0, ""O"": 3.0}"
mp-1227410,CaLaMn2O6,Ca-La-Mn-O,Ca-La-Mn-O,A,0,False,0.117402103416667,1.0038718033425598,1.0075355690481893,0.01,0.0,0.5,1.35,0.53,2.5,4.0,"[""Ca"", ""La""]","[0.5, 0.5]","[""Mn""]",[1.0],"{""Ca"": 0.5, ""La"": 0.5, ""Mn"": 1.0, ""O"": 3.0}"
mp-1227570,CaLaMn2O6,Ca-La-Mn-O,Ca-La-Mn-O,A,0,False,0.105753740416668,1.0038718033425598,1.0075355690481893,0.01,0.0,0.5,1.35,0.53,2.5,4.0,"[""Ca"", ""La""]","[0.5, 0.5]","[""Mn""]",[1.0],"{""Ca"": 0.5, ""La"": 0.5, ""Mn"": 1.0, ""O"": 3.0}"
mp-1272533,CaLaMn2O6,Ca-La-Mn-O,Ca-La-Mn-O,A,0,False,0.116764021416669,1.0038718033425598,1.0075355690481893,0.01,0.0,0.5,1.35,0.53,2.5,4.0,"[""Ca"", ""La""]","[0.5, 0.5]","[""Mn""]",[1.0],"{""Ca"": 0.5, ""La"": 0.5, ""Mn"": 1.0, ""O"": 3.0}"
mp-1275931,CaLaMn2O6,Ca-La-Mn-O,Ca-La-Mn-O,A,0,False,0.117891430916667,1.0038718033425598,1.0075355690481893,0.01,0.0,0.5,1.35,0.53,2.5,4.0,"[""Ca"", ""La""]","[0.5, 0.5]","[""Mn""]",[1.0],"{""Ca"": 0.5, ""La"": 0.5, ""Mn"": 1.0, ""O"": 3.0}"
mp-21507,CaLaMn2O6,Ca-La-Mn-O,Ca-La-Mn-O,A,0,False,0.108930447166669,1.0038718033425598,1.0075355690481893,0.01,0.0,0.5,1.35,0.53,2.5,4.0,"[""Ca"", ""La""]","[0.5, 0.5]","[""Mn""]",[1.0],"{""Ca"": 0.5, ""La"": 0.5, ""Mn"": 1.0, ""O"": 3.0}"
mp-39689,CaLaMn2O6,Ca-La-Mn-O,Ca-La-Mn-O,A,0,False,0.105089661416668,1.0038718033425598,1.0075355690481893,0.01,0.0,0.5,1.35,0.53,2.5,4.0,"[""Ca"", ""La""]","[0.5, 0.5]","[""Mn""]",[1.0],"{""Ca"": 0.5, ""La"": 0.5, ""Mn"": 1.0, ""O"": 3.0}"
mp-686651,Ca9LaTi10O30,Ca-La-O-Ti,Ca-La-O-Ti,A,1,True,0.0,0.9663204890030626,0.9670258324256924,0.006,0.0,0.0999999999999996,1.342,0.605,2.1,4.0,"[""Ca"", ""La""]","[0.9, 0.1]","[""Ti""]",[1.0],"{""Ca"": 0.9, ""La"": 0.1, ""Ti"": 1.0, ""O"": 3.0}"
mp-1227759,Ca3NdMn4O12,Ca-Mn-Nd-O,Ca-Mn-Nd-O,A,1,False,0.011488525958329,1.0038718033425598,1.0002080376369298,0.0173205080756887,0.0,0.25,1.33,0.53,2.25,4.0,"[""Ca"", ""Nd""]","[0.75, 0.25]","[""Mn""]",[1.0],"{""Ca"": 0.75, ""Nd"": 0.25, ""Mn"": 1.0, ""O"": 3.0}"
mp-1227543,CaNd2Mn3O9,Ca-Mn-Nd-O,Ca-Mn-Nd-O,A,1,True,0.0,0.9892167405200406,0.9941017614608804,0.0188561808316412,0.0,0.6666666666666661,1.3133333333333337,0.53,2.6666666666666665,4.0,"[""Ca"", ""Nd""]","[0.3333333333333333, 0.6666666666666666]","[""Mn""]",[1.0],"{""Ca"": 0.3333333333333333, ""Nd"": 0.6666666666666666, ""Mn"": 1.0, ""O"": 3.0}"
mp-1227174,CaNd3Mn4O12,Ca-Mn-Nd-O,Ca-Mn-Nd-O,A,1,False,0.001496023249998,0.9892167405200406,0.9928805062256704,0.0173205080756887,0.0,0.75,1.31,0.53,2.75,4.0,"[""Ca"", ""Nd""]","[0.25, 0.75]","[""Mn""]",[1.0],"{""Ca"": 0.25, ""Nd"": 0.75, ""Mn"": 1.0, ""O"": 3.0}"
mp-1227144,CaNdMn2O6,Ca-Mn-Nd-O,Ca-Mn-Nd-O,A,1,False,0.002366763083317,1.0038718033425598,0.9965442719313,0.02,0.0,0.5,1.32,0.53,2.5,4.0,"[""Ca"", ""Nd""]","[0.5, 0.5]","[""Mn""]",[1.0],"{""Ca"": 0.5, ""Nd"": 0.5, ""Mn"": 1.0, ""O"": 3.0}"
mp-1227166,CaNdMn2O6,Ca-Mn-Nd-O,Ca-Mn-Nd-O,A,1,False,0.001727415083317,1.0038718033425598,0.9965442719313,0.02,0.0,0.5,1.32,0.53,2.5,4.0,"[""Ca"", ""Nd""]","[0.5, 0.5]","[""Mn""]",[1.0],"{""Ca"": 0.5, ""Nd"": 0.5, ""Mn"": 1.0, ""O"": 3.0}"
mp-532718,CaNdMn2O6,Ca-Mn-Nd-O,Ca-Mn-Nd-O,A,1,False,0.007919953916651,1.0038718033425598,0.9965442719313,0.02,0.0,0.5,1.32,0.53,2.5,4.0,"[""Ca"", ""Nd""]","[0.5, 0.5]","[""Mn""]",[1.0],"{""Ca"": 0.5, ""Nd"": 0.5, ""Mn"": 1.0, ""O"": 3.0}"
mp-532822,CaNdMn2O6,Ca-Mn-Nd-O,Ca-Mn-Nd-O,A,1,False,0.006952675249985,1.0038718033425598,0.9965442719313,0.02,0.0,0.5,1.32,0.53,2.5,4.0,"[""Ca"", ""Nd""]","[0.5, 0.5]","[""Mn""]",[1.0],"{""Ca"": 0.5, ""Nd"": 0.5, ""Mn"": 1.0, ""O"": 3.0}"
mp-720198,CaNdMn2O6,Ca-Mn-Nd-O,Ca-Mn-Nd-O,A,1,False,0.001725746208318,1.0038718033425598,0.9965442719313,0.02,0.0,0.5,1.32,0.53,2.5,4.0,"[""Ca"", ""Nd""]","[0.5, 0.5]","[""Mn""]",[1.0],"{""Ca"": 0.5, ""Nd"": 0.5, ""Mn"": 1.0, ""O"": 3.0}"
mp-744199,CaNdMn2O6,Ca-Mn-Nd-O,Ca-Mn-Nd-O,A,1,False,0.003923388416652,1.0038718033425598,0.9965442719313,0.02,0.0,0.5,1.32,0.53,2.5,4.0,"[""Ca"", ""Nd""]","[0.5, 0.5]","[""Mn""]",[1.0],"{""Ca"": 0.5, ""Nd"": 0.5, ""Mn"": 1.0, ""O"": 3.0}"
mp-1044723,CaPrCr2O6,Ca-Cr-O-Pr,Ca-Cr-O-Pr,A,1,False,0.046829072500003,0.961524853821906,0.9580156390269354,0.01,0.0,0.5,1.33,0.615,2.5,3.0,"[""Ca"", ""Pr""]","[0.5, 0.5]","[""Cr""]",[1.0],"{""Ca"": 0.5, ""Pr"": 0.5, ""Cr"": 1.0, ""O"": 3.0}"
mp-532591,Ca9Pr11Mn20O60,Ca-Mn-O-Pr,Ca-Mn-O-Pr,A,1,False,0.003072836499985,0.9965442719313,0.9998416610663668,0.0099498743710662,0.0,0.5500000000000007,1.3290000000000002,0.53,2.5500000000000003,4.0,"[""Ca"", ""Pr""]","[0.45, 0.55]","[""Mn""]",[1.0],"{""Ca"": 0.45, ""Pr"": 0.55, ""Mn"": 1.0, ""O"": 3.0}"
mp-40630,CaPrMn2O6,Ca-Mn-O-Pr,Ca-Mn-O-Pr,A,1,True,0.0,1.0038718033425598,1.0002080376369298,0.01,0.0,0.5,1.33,0.53,2.5,4.0,"[""Ca"", ""Pr""]","[0.5, 0.5]","[""Mn""]",[1.0],"{""Ca"": 0.5, ""Pr"": 0.5, ""Mn"": 1.0, ""O"": 3.0}"
mp-1044426,CaPrTi2O6,Ca-O-Pr-Ti,Ca-O-Pr-Ti,A,1,True,0.0,0.9663204890030626,0.9627937718899126,0.01,0.0,0.5,1.33,0.605,2.5,4.0,"[""Ca"", ""Pr""]","[0.5, 0.5]","[""Ti""]",[1.0],"{""Ca"": 0.5, ""Pr"": 0.5, ""Ti"": 1.0, ""O"": 3.0}"
mp-1044725,CaPrV2O6,Ca-O-Pr-V,Ca-O-Pr-V,A,1,False,0.014988662705356,0.9986972064181135,0.9950523261027188,0.01,0.0,1.5,1.33,0.54,2.5,5.0,"[""Ca"", ""Pr""]","[0.5, 0.5]","[""V""]",[1.0],"{""Ca"": 0.5, ""Pr"": 0.5, ""V"": 1.0, ""O"": 3.0}"
mp-1218573,Sr4CaCr5O15,Ca-Cr-O-Sr,Ca-Cr-O-Sr,A,0,False,0.124993405775002,0.9966170017716104,0.9895985721816696,0.0399999999999999,0.0,1.0,1.42,0.615,2.0,3.0,"[""Ca"", ""Sr""]","[0.2, 0.8]","[""Cr""]",[1.0],"{""Sr"": 0.8, ""Ca"": 0.2, ""Cr"": 1.0, ""O"": 3.0}"
mp-1218386,SrCaCr2O6,Ca-Cr-O-Sr,Ca-Cr-O-Sr,A,0,False,0.14997372168267,0.961524853821906,0.9790709277967584,0.0499999999999999,0.0,1.0,1.39,0.615,2.0,3.0,"[""Ca"", ""Sr""]","[0.5, 0.5]","[""Cr""]",[1.0],"{""Sr"": 0.5, ""Ca"": 0.5, ""Cr"": 1.0, ""O"": 3.0}"
mp-1218402,SrCaCr2O6,Ca-Cr-O-Sr,Ca-Cr-O-Sr,A,0,False,0.136616332682669,0.961524853821906,0.9790709277967584,0.0499999999999999,0.0,1.0,1.39,0.615,2.0,3.0,"[""Ca"", ""Sr""]","[0.5, 0.5]","[""Cr""]",[1.0],"{""Sr"": 0.5, ""Ca"": 0.5, ""Cr"": 1.0, ""O"": 3.0}"
mp-1076424,Sr3Ca(FeO3)4,Ca-Fe-O-Sr,Ca-Fe-O-Sr,A,1,False,0.015111027375005,0.9819967034571124,0.9733523662787928,0.0433012701892218,0.0,1.0,1.415,0.645,2.0,3.0,"[""Ca"", ""Sr""]","[0.25, 0.75]","[""Fe""]",[1.0],"{""Sr"": 0.75, ""Ca"": 0.25, ""Fe"": 1.0, ""O"": 3.0}"
mp-1094055,Sr3Ca(FeO3)4,Ca-Fe-O-Sr,Ca-Fe-O-Sr,A,1,False,0.013213005375005,0.9819967034571124,0.9733523662787928,0.0433012701892218,0.0,1.0,1.415,0.645,2.0,3.0,"[""Ca"", ""Sr""]","[0.25, 0.75]","[""Fe""]",[1.0],"{""Sr"": 0.75, ""Ca"": 0.25, ""Fe"": 1.0, ""O"": 3.0}"
mp-1641665,Sr3Ca(FeO3)4,Ca-Fe-O-Sr,Ca-Fe-O-Sr,A,0,False,0.058304991875005,0.9819967034571124,0.9733523662787928,0.0433012701892218,0.0,1.0,1.415,0.645,2.0,3.0,"[""Ca"", ""Sr""]","[0.25, 0.75]","[""Fe""]",[1.0],"{""Sr"": 0.75, ""Ca"": 0.25, ""Fe"": 1.0, ""O"": 3.0}"
mp-1218523,Sr4Ca(FeO3)5,Ca-Fe-O-Sr,Ca-Fe-O-Sr,A,1,False,0.011882899300004,0.9819967034571124,0.9750812337144564,0.0399999999999999,0.0,1.0,1.42,0.645,2.0,3.0,"[""Ca"", ""Sr""]","[0.2, 0.8]","[""Fe""]",[1.0],"{""Sr"": 0.8, ""Ca"": 0.2, ""Fe"": 1.0, ""O"": 3.0}"
mp-1652433,Sr4Ca(FeO3)5,Ca-Fe-O-Sr,Ca-Fe-O-Sr,A,1,False,0.011946598700004,0.9819967034571124,0.9750812337144564,0.0399999999999999,0.0,1.0,1.42,0.645,2.0,3.0,"[""Ca"", ""Sr""]","[0.2, 0.8]","[""Fe""]",[1.0],"{""Sr"": 0.8, ""Ca"": 0.2, ""Fe"": 1.0, ""O"": 3.0}"
mp-1218494,Sr3CaHf4O12,Ca-Hf-O-Sr,Ca-Hf-O-Sr,A,1,False,0.007612675749999,0.9517456201752582,0.943367577744138,0.0433012701892218,0.0,0.0,1.415,0.71,2.0,4.0,"[""Ca"", ""Sr""]","[0.25, 0.75]","[""Hf""]",[1.0],"{""Sr"": 0.75, ""Ca"": 0.25, ""Hf"": 1.0, ""O"": 3.0}"
mp-1218454,SrCa3Hf4O12,Ca-Hf-O-Sr,Ca-Hf-O-Sr,A,1,False,0.007486108750002,0.9182334504507774,0.9266114928818976,0.0433012701892218,0.0,0.0,1.3650000000000002,0.71,2.0,4.0,"[""Ca"", ""Sr""]","[0.75, 0.25]","[""Hf""]",[1.0],"{""Sr"": 0.25, ""Ca"": 0.75, ""Hf"": 1.0, ""O"": 3.0}"
mp-1218419,SrCaHf2O6,Ca-Hf-O-Sr,Ca-Hf-O-Sr,A,1,False,0.009440106000001,0.9182334504507774,0.934989535313018,0.0499999999999999,0.0,0.0,1.39,0.71,2.0,4.0,"[""Ca"", ""Sr""]","[0.5, 0.5]","[""Hf""]",[1.0],"{""Sr"": 0.5, ""Ca"": 0.5, ""Hf"": 1.0, ""O"": 3.0}"
mp-1247636,Sr3Ca5Mn8O24,Ca-Mn-O-Sr,Ca-Mn-O-Sr,A,0,False,0.066204821172614,1.0038718033425598,1.017610924738671,0.0484122918275926,0.0,0.0,1.3775,0.53,2.0,4.0,"[""Ca"", ""Sr""]","[0.625, 0.375]","[""Mn""]",[1.0],"{""Sr"": 0.375, ""Ca"": 0.625, ""Mn"": 1.0, ""O"": 3.0}"
mp-1247664,Sr3Ca5Mn8O24,Ca-Mn-O-Sr,Ca-Mn-O-Sr,A,0,False,0.095325035297614,1.0038718033425598,1.017610924738671,0.0484122918275926,0.0,0.0,1.3775,0.53,2.0,4.0,"[""Ca"", ""Sr""]","[0.625, 0.375]","[""Mn""]",[1.0],"{""Sr"": 0.375, ""Ca"": 0.625, ""Mn"": 1.0, ""O"": 3.0}"
mp-1076020,SrCa3Mn4O12,Ca-Mn-O-Sr,Ca-Mn-O-Sr,A,0,False,0.103339174642853,1.0038718033425598,1.013031217606634,0.0433012701892218,0.0,0.0,1.3650000000000002,0.53,2.0,4.0,"[""Ca"", ""Sr""]","[0.75, 0.25]","[""Mn""]",[1.0],"{""Sr"": 0.25, ""Ca"": 0.75, ""Mn"": 1.0, ""O"": 3.0}"
mp-1094041,SrCa3Mn4O12,Ca-Mn-O-Sr,Ca-Mn-O-Sr,A,0,False,0.105507587142853,1.0038718033425598,1.013031217606634,0.0433012701892218,0.0,0.0,1.3650000000000002,0.53,2.0,4.0,"[""Ca"", ""Sr""]","[0.75, 0.25]","[""Mn""]",[1.0],"{""Sr"": 0.25, ""Ca"": 0.75, ""Mn"": 1.0, ""O"": 3.0}"
mp-1094044,SrCa3Mn4O12,Ca-Mn-O-Sr,Ca-Mn-O-Sr,A,1,False,0.048917385142853,1.0038718033425598,1.013031217606634,0.0433012701892218,0.0,0.0,1.3650000000000002,0.53,2.0,4.0,"[""Ca"", ""Sr""]","[0.75, 0.25]","[""Mn""]",[1.0],"{""Sr"": 0.25, ""Ca"": 0.75, ""Mn"": 1.0, ""O"": 3.0}"
mp-1247621,SrCa3Mn4O12,Ca-Mn-O-Sr,Ca-Mn-O-Sr,A,1,False,0.048938943517852,1.0038718033425598,1.013031217606634,0.0433012701892218,0.0,0.0,1.3650000000000002,0.53,2.0,4.0,"[""Ca"", ""Sr""]","[0.75, 0.25]","[""Mn""]",[1.0],"{""Sr"": 0.25, ""Ca"": 0.75, ""Mn"": 1.0, ""O"": 3.0}"
mp-1247638,SrCa7Mn8O24,Ca-Mn-O-Sr,Ca-Mn-O-Sr,A,0,False,0.054378547800599,1.0038718033425598,1.0084515104745968,0.0330718913883073,0.0,0.0,1.3525,0.53,2.0,4.0,"[""Ca"", ""Sr""]","[0.875, 0.125]","[""Mn""]",[1.0],"{""Sr"": 0.125, ""Ca"": 0.875, ""Mn"": 1.0, ""O"": 3.0}"
mp-1247690,SrCa7Mn8O24,Ca-Mn-O-Sr,Ca-Mn-O-Sr,A,0,False,0.110518137238099,1.0038718033425598,1.0084515104745968,0.0330718913883073,0.0,0.0,1.3525,0.53,2.0,4.0,"[""Ca"", ""Sr""]","[0.875, 0.125]","[""Mn""]",[1.0],"{""Sr"": 0.125, ""Ca"": 0.875, ""Mn"": 1.0, ""O"": 3.0}"
mp-1076213,SrCaMn2O6,Ca-Mn-O-Sr,Ca-Mn-O-Sr,A,0,False,0.089626853702381,1.0038718033425598,1.0221906318707086,0.0499999999999999,0.0,0.0,1.39,0.53,2.0,4.0,"[""Ca"", ""Sr""]","[0.5, 0.5]","[""Mn""]",[1.0],"{""Sr"": 0.5, ""Ca"": 0.5, ""Mn"": 1.0, ""O"": 3.0}"
mp-1218322,SrCaMn2O6,Ca-Mn-O-Sr,Ca-Mn-O-Sr,A,0,False,0.083749395452381,1.0038718033425598,1.0221906318707086,0.0499999999999999,0.0,0.0,1.39,0.53,2.0,4.0,"[""Ca"", ""Sr""]","[0.5, 0.5]","[""Mn""]",[1.0],"{""Sr"": 0.5, ""Ca"": 0.5, ""Mn"": 1.0, ""O"": 3.0}"
mp-1218393,SrCaMn2O6,Ca-Mn-O-Sr,Ca-Mn-O-Sr,A,0,False,0.06296049695238,1.0038718033425598,1.0221906318707086,0.0499999999999999,0.0,0.0,1.39,0.53,2.0,4.0,"[""Ca"", ""Sr""]","[0.5, 0.5]","[""Mn""]",[1.0],"{""Sr"": 0.5, ""Ca"": 0.5, ""Mn"": 1.0, ""O"": 3.0}"
mp-1277077,SrCaMn2O6,Ca-Mn-O-Sr,Ca-Mn-O-Sr,A,0,False,0.08862917845238,1.0038718033425598,1.0221906318707086,0.0499999999999999,0.0,0.0,1.39,0.53,2.0,4.0,"[""Ca"", ""Sr""]","[0.5, 0.5]","[""Mn""]",[1.0],"{""Sr"": 0.5, ""Ca"": 0.5, ""Mn"": 1.0, ""O"": 3.0}"
mp-1218522,Sr3Ca(SnO3)4,Ca-O-Sn-Sr,Ca-O-Sn-Sr,A,1,False,0.014007824749999,0.9608532337654522,0.9523950186794888,0.0433012701892218,0.0,0.0,1.415,0.69,2.0,4.0,"[""Ca"", ""Sr""]","[0.25, 0.75]","[""Sn""]",[1.0],"{""Sr"": 0.75, ""Ca"": 0.25, ""Sn"": 1.0, ""O"": 3.0}"
mp-1218851,Sr2CaTi3O9,Ca-O-Sr-Ti,Ca-O-Sr-Ti,A,1,False,0.02352975716667,1.001587660134561,0.9898319364240616,0.0471404520791031,0.0,0.0,1.4066666666666667,0.605,2.0,4.0,"[""Ca"", ""Sr""]","[0.3333333333333333, 0.6666666666666666]","[""Ti""]",[1.0],"{""Sr"": 0.6666666666666666, ""Ca"": 0.3333333333333333, ""Ti"": 1.0, ""O"": 3.0}"
mp-1218886,Sr2CaTi3O9,Ca-O-Sr-Ti,Ca-O-Sr-Ti,A,1,False,0.012348027000003,1.001587660134561,0.9898319364240616,0.0471404520791031,0.0,0.0,1.4066666666666667,0.605,2.0,4.0,"[""Ca"", ""Sr""]","[0.3333333333333333, 0.6666666666666666]","[""Ti""]",[1.0],"{""Sr"": 0.6666666666666666, ""Ca"": 0.3333333333333333, ""Ti"": 1.0, ""O"": 3.0}"
mp-1075922,Sr7CaTi8O24,Ca-O-Sr-Ti,Ca-O-Sr-Ti,A,1,False,0.009415460687504,1.001587660134561,0.9971792637431236,0.0330718913883073,0.0,0.0,1.4275,0.605,2.0,4.0,"[""Ca"", ""Sr""]","[0.125, 0.875]","[""Ti""]",[1.0],"{""Sr"": 0.875, ""Ca"": 0.125, ""Ti"": 1.0, ""O"": 3.0}"
mp-1218476,SrCa3Ti4O12,Ca-O-Sr-Ti,Ca-O-Sr-Ti,A,1,False,0.009579183125001,0.9663204890030626,0.9751372817859372,0.0433012701892218,0.0,0.0,1.3650000000000002,0.605,2.0,4.0,"[""Ca"", ""Sr""]","[0.75, 0.25]","[""Ti""]",[1.0],"{""Sr"": 0.25, ""Ca"": 0.75, ""Ti"": 1.0, ""O"": 3.0}"
mp-1218358,SrCaTi2O6,Ca-O-Sr-Ti,Ca-O-Sr-Ti,A,1,False,0.013489558750002,0.9663204890030626,0.9839540745688118,0.0499999999999999,0.0,0.0,1.39,0.605,2.0,4.0,"[""Ca"", ""Sr""]","[0.5, 0.5]","[""Ti""]",[1.0],"{""Sr"": 0.5, ""Ca"": 0.5, ""Ti"": 1.0, ""O"": 3.0}"
mp-1218542,Sr3CaV4O12,Ca-O-Sr-V,Ca-O-Sr-V,A,0,False,0.074044854125004,1.035146009572059,1.0260338087835728,0.0433012701892218,0.0,1.0,1.415,0.54,2.0,5.0,"[""Ca"", ""Sr""]","[0.25, 0.75]","[""V""]",[1.0],"{""Sr"": 0.75, ""Ca"": 0.25, ""V"": 1.0, ""O"": 3.0}"
mp-1319495,Sr3CaV4O12,Ca-O-Sr-V,Ca-O-Sr-V,A,1,False,0.038736194125004,1.035146009572059,1.0260338087835728,0.0433012701892218,0.0,1.0,1.415,0.54,2.0,5.0,"[""Ca"", ""Sr""]","[0.25, 0.75]","[""V""]",[1.0],"{""Sr"": 0.75, ""Ca"": 0.25, ""V"": 1.0, ""O"": 3.0}"
mp-1644003,Sr3CaV4O12,Ca-O-Sr-V,Ca-O-Sr-V,A,1,False,0.033747393875003,1.035146009572059,1.0260338087835728,0.0433012701892218,0.0,1.0,1.415,0.54,2.0,5.0,"[""Ca"", ""Sr""]","[0.25, 0.75]","[""V""]",[1.0],"{""Sr"": 0.75, ""Ca"": 0.25, ""V"": 1.0, ""O"": 3.0}"
mp-1218581,SrCa3V4O12,Ca-O-Sr-V,Ca-O-Sr-V,A,1,False,0.014819245148803,0.9986972064181135,1.0078094072066,0.0433012701892218,0.0,1.0,1.3650000000000002,0.54,2.0,5.0,"[""Ca"", ""Sr""]","[0.75, 0.25]","[""V""]",[1.0],"{""Sr"": 0.25, ""Ca"": 0.75, ""V"": 1.0, ""O"": 3.0}"
mp-1218467,SrCaV2O6,Ca-O-Sr-V,Ca-O-Sr-V,A,1,False,0.021430178886912,0.9986972064181135,1.0169216079950862,0.0499999999999999,0.0,1.0,1.39,0.54,2.0,5.0,"[""Ca"", ""Sr""]","[0.5, 0.5]","[""V""]",[1.0],"{""Sr"": 0.5, ""Ca"": 0.5, ""V"": 1.0, ""O"": 3.0}"
mp-1516402,KCeHf2O6,Ce-Hf-K-O,Ce-Hf-K-O,A,0,False,0.099806496867845,0.9182334504507774,0.9685017050374988,0.1499999999999999,0.0,0.0,1.49,0.71,2.0,4.0,"[""Ce"", ""K""]","[0.5, 0.5]","[""Hf""]",[1.0],"{""K"": 0.5, ""Ce"": 0.5, ""Hf"": 1.0, ""O"": 3.0}"
mp-1522773,KCeNb2O6,Ce-K-Nb-O,Ce-K-Nb-O,A,0,False,0.092454805472215,0.9497414610054608,1.001734606680942,0.1499999999999999,0.0,1.0,1.49,0.64,2.0,5.0,"[""Ce"", ""K""]","[0.5, 0.5]","[""Nb""]",[1.0],"{""K"": 0.5, ""Ce"": 0.5, ""Nb"": 1.0, ""O"": 3.0}"
mp-1223462,KCeTi2O6,Ce-K-O-Ti,Ce-K-O-Ti,A,0,False,0.071432667540019,0.9663204890030626,1.0192212457003105,0.1499999999999999,0.0,0.0,1.49,0.605,2.0,4.0,"[""Ce"", ""K""]","[0.5, 0.5]","[""Ti""]",[1.0],"{""K"": 0.5, ""Ce"": 0.5, ""Ti"": 1.0, ""O"": 3.0}"
mp-1519548,KCeZr2O6,Ce-K-O-Zr,Ce-K-O-Zr,A,0,False,0.164147655647095,0.9139021605901604,0.9639333007684536,0.1499999999999999,0.0,0.0,1.49,0.72,2.0,4.0,"[""Ce"", ""K""]","[0.5, 0.5]","[""Zr""]",[1.0],"{""K"": 0.5, ""Ce"": 0.5, ""Zr"": 1.0, ""O"": 3.0}"
mp-1222911,LaCeAl2O6,Al-Ce-La-O,Al-Ce-La-O,A,1,False,0.012580437000034,1.0012778193545944,1.0049321179653774,0.01,0.0,0.0,1.35,0.535,3.0,3.0,"[""Ce"", ""La""]","[0.5, 0.5]","[""Al""]",[1.0],"{""La"": 0.5, ""Ce"": 0.5, ""Al"": 1.0, ""O"": 3.0}"
mp-1223030,LaCeAl2O6,Al-Ce-La-O,Al-Ce-La-O,A,1,False,0.011456947000034,1.0012778193545944,1.0049321179653774,0.01,0.0,0.0,1.35,0.535,3.0,3.0,"[""Ce"", ""La""]","[0.5, 0.5]","[""Al""]",[1.0],"{""La"": 0.5, ""Ce"": 0.5, ""Al"": 1.0, ""O"": 3.0}"
mp-1223081,LaCe2Mn3O9,Ce-La-Mn-O,Ce-La-Mn-O,A,0,False,0.322851449244442,1.0038718033425598,1.0063143138129795,0.0094280904158206,0.0,1.0,1.346666666666667,0.53,3.0,4.0,"[""Ce"", ""La""]","[0.6666666666666666, 0.3333333333333333]","[""Mn""]",[1.0],"{""La"": 0.3333333333333333, ""Ce"": 0.6666666666666666, ""Mn"": 1.0, ""O"": 3.0}"
mp-1517130,NaCeHf2O6,Ce-Hf-Na-O,Ce-Hf-Na-O,A,0,False,0.104215735949713,0.9182334504507774,0.9266114928818976,0.0249999999999999,0.0,0.0,1.365,0.71,2.0,4.0,"[""Ce"", ""Na""]","[0.5, 0.5]","[""Hf""]",[1.0],"{""Na"": 0.5, ""Ce"": 0.5, ""Hf"": 1.0, ""O"": 3.0}"
mp-1520338,NaCeNb2O6,Ce-Na-Nb-O,Ce-Na-Nb-O,A,0,False,0.130006976272733,0.9497414610054608,0.9584069852847076,0.0249999999999999,0.0,1.0,1.365,0.64,2.0,5.0,"[""Ce"", ""Na""]","[0.5, 0.5]","[""Nb""]",[1.0],"{""Na"": 0.5, ""Ce"": 0.5, ""Nb"": 1.0, ""O"": 3.0}"
mp-1218910,Sr2CeMn3O9,Ce-Mn-O-Sr,Ce-Mn-O-Sr,A,1,False,0.029123934027776,1.0405094603988574,1.028296908046758,0.0471404520791031,0.0,0.333333333333333,1.4066666666666667,0.53,2.333333333333333,4.0,"[""Ce"", ""Sr""]","[0.3333333333333333, 0.6666666666666666]","[""Mn""]",[1.0],"{""Sr"": 0.6666666666666666, ""Ce"": 0.3333333333333333, ""Mn"": 1.0, ""O"": 3.0}"
mp-1218514,Sr3CeMn4O12,Ce-Mn-O-Sr,Ce-Mn-O-Sr,A,1,False,0.036634292895837,1.0405094603988574,1.0313500461347829,0.0433012701892218,0.0,0.25,1.415,0.53,2.25,4.0,"[""Ce"", ""Sr""]","[0.25, 0.75]","[""Mn""]",[1.0],"{""Sr"": 0.75, ""Ce"": 0.25, ""Mn"": 1.0, ""O"": 3.0}"
mp-1218672,Sr4CeMn5O15,Ce-Mn-O-Sr,Ce-Mn-O-Sr,A,1,False,0.03132051281665,1.0405094603988574,1.033181928987598,0.0399999999999999,0.0,0.2000000000000001,1.42,0.53,2.2,4.0,"[""Ce"", ""Sr""]","[0.2, 0.8]","[""Mn""]",[1.0],"{""Sr"": 0.8, ""Ce"": 0.2, ""Mn"": 1.0, ""O"": 3.0}"
mp-997591,CsNa7Ta8O24,Cs-Na-O-Ta,Cs-Na-O-Ta,A,1,False,0.048008734295461,0.9670725095639544,0.9883030440481094,0.1620522678027061,0.0,0.0,1.45125,0.64,1.0,5.0,"[""Cs"", ""Na""]","[0.125, 0.875]","[""Ta""]",[1.0],"{""Cs"": 0.125, ""Na"": 0.875, ""Ta"": 1.0, ""O"": 3.0}"
mp-1520574,KLaHf2O6,Hf-K-La-O,Hf-K-La-O,A,0,False,0.085618662375001,1.01876995962422,0.9718529220099468,0.1399999999999999,0.0,0.0,1.5,0.71,2.0,4.0,"[""K"", ""La""]","[0.5, 0.5]","[""Hf""]",[1.0],"{""K"": 0.5, ""La"": 0.5, ""Hf"": 1.0, ""O"": 3.0}"
mp-1518664,KLaNb2O6,K-La-Nb-O,K-La-Nb-O,A,0,False,0.060076453611117,1.0537277523564237,1.005200816392641,0.1399999999999999,0.0,1.0,1.5,0.64,2.0,5.0,"[""K"", ""La""]","[0.5, 0.5]","[""Nb""]",[1.0],"{""K"": 0.5, ""La"": 0.5, ""Nb"": 1.0, ""O"": 3.0}"
mp-1518996,KLa(SnO3)2,K-La-O-Sn,K-La-O-Sn,A,0,False,0.154020637499997,1.02851895445316,0.9811529499717644,0.1399999999999999,0.0,0.0,1.5,0.69,2.0,4.0,"[""K"", ""La""]","[0.5, 0.5]","[""Sn""]",[1.0],"{""K"": 0.5, ""La"": 0.5, ""Sn"": 1.0, ""O"": 3.0}"
mp-1521888,KLaZr2O6,K-La-O-Zr,K-La-O-Zr,A,0,False,0.131058805374992,1.0139644409467472,0.9672687101136732,0.1399999999999999,0.0,0.0,1.5,0.72,2.0,4.0,"[""K"", ""La""]","[0.5, 0.5]","[""Zr""]",[1.0],"{""K"": 0.5, ""La"": 0.5, ""Zr"": 1.0, ""O"": 3.0}"
mp-1076335,K5Na3Nb8O24,K-Na-Nb-O,K-Na-Nb-O,A,1,False,0.025243995999996,1.0537277523564237,1.0212320363092475,0.1210307295689817,0.0,0.0,1.54625,0.64,1.0,5.0,"[""K"", ""Na""]","[0.625, 0.375]","[""Nb""]",[1.0],"{""K"": 0.625, ""Na"": 0.375, ""Nb"": 1.0, ""O"": 3.0}"
mp-1076510,K5Na3Ta8O24,K-Na-O-Ta,K-Na-O-Ta,A,1,False,0.006358155312494,1.0537277523564237,1.0212320363092475,0.1210307295689817,0.0,0.0,1.54625,0.64,1.0,5.0,"[""K"", ""Na""]","[0.625, 0.375]","[""Ta""]",[1.0],"{""K"": 0.625, ""Na"": 0.375, ""Ta"": 1.0, ""O"": 3.0}"
mp-1099664,KNa7V8O24,K-Na-O-V,K-Na-O-V,A,0,False,0.156920974375013,1.0169216079950862,1.0283118589806943,0.0826797284707684,0.0,0.0,1.42125,0.54,1.0,5.0,"[""K"", ""Na""]","[0.125, 0.875]","[""V""]",[1.0],"{""K"": 0.125, ""Na"": 0.875, ""V"": 1.0, ""O"": 3.0}"
mp-1522310,KNdHf2O6,Hf-K-Nd-O,Hf-K-Nd-O,A,0,False,0.125756826374995,1.01876995962422,0.9617992710926024,0.1699999999999999,0.0,0.0,1.47,0.71,2.0,4.0,"[""K"", ""Nd""]","[0.5, 0.5]","[""Hf""]",[1.0],"{""K"": 0.5, ""Nd"": 0.5, ""Hf"": 1.0, ""O"": 3.0}"
mp-1518752,KNdNb2O6,K-Nb-Nd-O,K-Nb-Nd-O,A,0,False,0.11689349044445,1.0537277523564237,0.9948021872575448,0.1699999999999999,0.0,1.0,1.47,0.64,2.0,5.0,"[""K"", ""Nd""]","[0.5, 0.5]","[""Nb""]",[1.0],"{""K"": 0.5, ""Nd"": 0.5, ""Nb"": 1.0, ""O"": 3.0}"
mp-1519724,KNd(SnO3)2,K-Nd-O-Sn,K-Nd-O-Sn,A,0,False,0.200423243749996,1.02851895445316,0.9710030918686084,0.1699999999999999,0.0,0.0,1.47,0.69,2.0,4.0,"[""K"", ""Nd""]","[0.5, 0.5]","[""Sn""]",[1.0],"{""K"": 0.5, ""Nd"": 0.5, ""Sn"": 1.0, ""O"": 3.0}"
mp-1522387,KNdZr2O6,K-Nd-O-Zr,K-Nd-O-Zr,A,0,False,0.172054142031242,1.0139644409467472,0.9572624820780148,0.1699999999999999,0.0,0.0,1.47,0.72,2.0,4.0,"[""K"", ""Nd""]","[0.5, 0.5]","[""Zr""]",[1.0],"{""K"": 0.5, ""Nd"": 0.5, ""Zr"": 1.0, ""O"": 3.0}"
mp-1522216,KPrHf2O6,Hf-K-O-Pr,Hf-K-O-Pr,A,0,False,0.072741941374983,1.01876995962422,0.9651504880650508,0.1599999999999999,0.0,0.0,1.48,0.71,2.0,4.0,"[""K"", ""Pr""]","[0.5, 0.5]","[""Hf""]",[1.0],"{""K"": 0.5, ""Pr"": 0.5, ""Hf"": 1.0, ""O"": 3.0}"
mp-1517594,KPr(SnO3)2,K-O-Pr-Sn,K-O-Pr-Sn,A,0,False,0.178439432999996,1.02851895445316,0.9743863779029938,0.1599999999999999,0.0,0.0,1.48,0.69,2.0,4.0,"[""K"", ""Pr""]","[0.5, 0.5]","[""Sn""]",[1.0],"{""K"": 0.5, ""Pr"": 0.5, ""Sn"": 1.0, ""O"": 3.0}"
mp-1518622,KPrZr2O6,K-O-Pr-Zr,K-O-Pr-Zr,A,0,False,0.150028697124991,1.0139644409467472,0.9605978914232342,0.1599999999999999,0.0,0.0,1.48,0.72,2.0,4.0,"[""K"", ""Pr""]","[0.5, 0.5]","[""Zr""]",[1.0],"{""K"": 0.5, ""Pr"": 0.5, ""Zr"": 1.0, ""O"": 3.0}"
mp-1518369,NaLaHf2O6,Hf-La-Na-O,Hf-La-Na-O,A,0,False,0.054899784749993,0.9249358843956734,0.9299627098543456,0.0149999999999999,0.0,0.0,1.375,0.71,2.0,4.0,"[""La"", ""Na""]","[0.5, 0.5]","[""Hf""]",[1.0],"{""Na"": 0.5, ""La"": 0.5, ""Hf"": 1.0, ""O"": 3.0}"
mp-1220767,NaLa2Mn3O9,La-Mn-Na-O,La-Mn-Na-O,A,0,False,0.188095586012696,1.011199334753819,1.014863100459449,0.0141421356237308,0.0,0.3333333333333339,1.37,0.53,2.333333333333333,4.0,"[""La"", ""Na""]","[0.6666666666666666, 0.3333333333333333]","[""Mn""]",[1.0],"{""Na"": 0.3333333333333333, ""La"": 0.6666666666666666, ""Mn"": 1.0, ""O"": 3.0}"
mp-1520737,NaLaNb2O6,La-Na-Nb-O,La-Na-Nb-O,A,0,False,0.117448614500004,0.956673880428858,0.9618731949964064,0.0149999999999999,0.0,1.0,1.375,0.64,2.0,5.0,"[""La"", ""Na""]","[0.5, 0.5]","[""Nb""]",[1.0],"{""Na"": 0.5, ""La"": 0.5, ""Nb"": 1.0, ""O"": 3.0}"
mp-1521749,NaLa(SnO3)2,La-Na-O-Sn,La-Na-O-Sn,A,0,False,0.189070166124999,0.933786945490369,0.9388618745419472,0.0149999999999999,0.0,0.0,1.375,0.69,2.0,4.0,"[""La"", ""Na""]","[0.5, 0.5]","[""Sn""]",[1.0],"{""Na"": 0.5, ""La"": 0.5, ""Sn"": 1.0, ""O"": 3.0}"
mp-1220785,NaLaTi2O6,La-Na-O-Ti,La-Na-O-Ti,A,1,False,0.009634507475002,0.973373923229362,0.978663998899087,0.0149999999999999,0.0,0.0,1.375,0.605,2.0,4.0,"[""La"", ""Na""]","[0.5, 0.5]","[""Ti""]",[1.0],"{""Na"": 0.5, ""La"": 0.5, ""Ti"": 1.0, ""O"": 3.0}"
mp-1518296,NaLaZr2O6,La-Na-O-Zr,La-Na-O-Zr,A,0,False,0.174537715500001,0.9205729792805992,0.9255760932984288,0.0149999999999999,0.0,0.0,1.375,0.72,2.0,4.0,"[""La"", ""Na""]","[0.5, 0.5]","[""Zr""]",[1.0],"{""Na"": 0.5, ""La"": 0.5, ""Zr"": 1.0, ""O"": 3.0}"
mp-1223135,La3NdCr4O12,Cr-La-Nd-O,Cr-La-Nd-O,A,1,False,0.008264075749998,0.9685432834118468,0.9632794612193912,0.0259807621135331,0.0,0.0,1.345,0.615,3.0,3.0,"[""La"", ""Nd""]","[0.75, 0.25]","[""Cr""]",[1.0],"{""La"": 0.75, ""Nd"": 0.25, ""Cr"": 1.0, ""O"": 3.0}"
mp-1222944,LaNd3Cr4O12,Cr-La-Nd-O,Cr-La-Nd-O,A,1,False,0.002860317249999,0.9474879946420242,0.9527518168344796,0.0259807621135331,0.0,0.0,1.3150000000000002,0.615,3.0,3.0,"[""La"", ""Nd""]","[0.25, 0.75]","[""Cr""]",[1.0],"{""La"": 0.25, ""Nd"": 0.75, ""Cr"": 1.0, ""O"": 3.0}"
mp-1223331,La2Nd(GaO3)3,Ga-La-Nd-O,Ga-La-Nd-O,A,1,False,0.040787212698417,0.9661458990469658,0.9591448418074952,0.0282842712474619,0.0,0.0,1.34,0.62,3.0,3.0,"[""La"", ""Nd""]","[0.6666666666666666, 0.3333333333333333]","[""Ga""]",[1.0],"{""La"": 0.6666666666666666, ""Nd"": 0.3333333333333333, ""Ga"": 1.0, ""O"": 3.0}"
mp-1223104,La3Nd(GaO3)4,Ga-La-Nd-O,Ga-La-Nd-O,A,1,False,0.040065262684527,0.9661458990469658,0.9608951061173628,0.0259807621135331,0.0,0.0,1.345,0.62,3.0,3.0,"[""La"", ""Nd""]","[0.75, 0.25]","[""Ga""]",[1.0],"{""La"": 0.75, ""Nd"": 0.25, ""Ga"": 1.0, ""O"": 3.0}"
mp-1222894,LaNd3(GaO3)4,Ga-La-Nd-O,Ga-La-Nd-O,A,1,False,0.03837289525,0.9451427273285536,0.9503935202581564,0.0259807621135331,0.0,0.0,1.3150000000000002,0.62,3.0,3.0,"[""La"", ""Nd""]","[0.25, 0.75]","[""Ga""]",[1.0],"{""La"": 0.25, ""Nd"": 0.75, ""Ga"": 1.0, ""O"": 3.0}"
mp-1223156,La3NdMn4O12,La-Mn-Nd-O,La-Mn-Nd-O,A,0,False,0.128995884148809,1.011199334753819,1.0057036861953743,0.0259807621135331,0.0,1.0,1.345,0.53,3.0,4.0,"[""La"", ""Nd""]","[0.75, 0.25]","[""Mn""]",[1.0],"{""La"": 0.75, ""Nd"": 0.25, ""Mn"": 1.0, ""O"": 3.0}"
mp-1222928,LaNdMn2O6,La-Mn-Nd-O,La-Mn-Nd-O,A,0,False,0.094200722916651,1.011199334753819,1.0002080376369298,0.03,0.0,1.0,1.33,0.53,3.0,4.0,"[""La"", ""Nd""]","[0.5, 0.5]","[""Mn""]",[1.0],"{""La"": 0.5, ""Nd"": 0.5, ""Mn"": 1.0, ""O"": 3.0}"
mp-1222955,LaPrCr2O6,Cr-La-O-Pr,Cr-La-O-Pr,A,1,False,0.004357631999997,0.9685432834118468,0.961524853821906,0.02,0.0,0.0,1.34,0.615,3.0,3.0,"[""La"", ""Pr""]","[0.5, 0.5]","[""Cr""]",[1.0],"{""La"": 0.5, ""Pr"": 0.5, ""Cr"": 1.0, ""O"": 3.0}"
mp-1222864,LaPr3(GaO3)4,Ga-La-O-Pr,Ga-La-O-Pr,A,1,False,0.034189449075889,0.9521437845680242,0.9556443131877596,0.0173205080756887,0.0,0.0,1.33,0.62,3.0,3.0,"[""La"", ""Pr""]","[0.25, 0.75]","[""Ga""]",[1.0],"{""La"": 0.25, ""Pr"": 0.75, ""Ga"": 1.0, ""O"": 3.0}"
mp-1223133,La3PrMn4O12,La-Mn-O-Pr,La-Mn-O-Pr,A,0,False,0.132376964930061,1.011199334753819,1.0075355690481893,0.0173205080756887,0.0,1.0,1.35,0.53,3.0,4.0,"[""La"", ""Pr""]","[0.75, 0.25]","[""Mn""]",[1.0],"{""La"": 0.75, ""Pr"": 0.25, ""Mn"": 1.0, ""O"": 3.0}"
mp-1222923,LaPr3Mn4O12,La-Mn-O-Pr,La-Mn-O-Pr,A,0,False,0.052385892970827,0.9965442719313,1.0002080376369298,0.0173205080756887,0.0,1.0,1.33,0.53,3.0,4.0,"[""La"", ""Pr""]","[0.25, 0.75]","[""Mn""]",[1.0],"{""La"": 0.25, ""Pr"": 0.75, ""Mn"": 1.0, ""O"": 3.0}"
mp-1222975,LaPrMn2O6,La-Mn-O-Pr,La-Mn-O-Pr,A,0,False,0.09435686894165,1.011199334753819,1.0038718033425598,0.02,0.0,1.0,1.34,0.53,3.0,4.0,"[""La"", ""Pr""]","[0.5, 0.5]","[""Mn""]",[1.0],"{""La"": 0.5, ""Pr"": 0.5, ""Mn"": 1.0, ""O"": 3.0}"
mp-1219600,RbLa2Ti3O9,La-O-Rb-Ti,La-O-Rb-Ti,A,1,False,0.036018830166666,0.973373923229362,1.0156945285871606,0.1697056274847713,0.0,0.3333333333333339,1.48,0.605,2.333333333333333,4.0,"[""La"", ""Rb""]","[0.6666666666666666, 0.3333333333333333]","[""Ti""]",[1.0],"{""Rb"": 0.3333333333333333, ""La"": 0.6666666666666666, ""Ti"": 1.0, ""O"": 3.0}"
mp-1218265,SrLa3Cr4O12,Cr-La-O-Sr,Cr-La-O-Sr,A,1,False,0.031041453359383,0.9685432834118468,0.9755617130017876,0.0346410161513774,0.0,0.25,1.38,0.615,2.75,3.0,"[""La"", ""Sr""]","[0.75, 0.25]","[""Cr""]",[1.0],"{""Sr"": 0.25, ""La"": 0.75, ""Cr"": 1.0, ""O"": 3.0}"
mp-1647269,SrLa3Cr4O12,Cr-La-O-Sr,Cr-La-O-Sr,A,1,False,0.019052041859383,0.9685432834118468,0.9755617130017876,0.0346410161513774,0.0,0.25,1.38,0.615,2.75,3.0,"[""La"", ""Sr""]","[0.75, 0.25]","[""Cr""]",[1.0],"{""Sr"": 0.25, ""La"": 0.75, ""Cr"": 1.0, ""O"": 3.0}"
mp-1218283,SrLa4Cr5O15,Cr-La-O-Sr,Cr-La-O-Sr,A,0,False,0.076315475587508,0.9685432834118468,0.9741580270837996,0.0319999999999999,0.0,0.1999999999999993,1.376,0.615,2.8000000000000003,3.0,"[""La"", ""Sr""]","[0.8, 0.2]","[""Cr""]",[1.0],"{""Sr"": 0.2, ""La"": 0.8, ""Cr"": 1.0, ""O"": 3.0}"
mp-1650920,SrLa4Cr5O15,Cr-La-O-Sr,Cr-La-O-Sr,A,0,False,0.060939895987509,0.9685432834118468,0.9741580270837996,0.0319999999999999,0.0,0.1999999999999993,1.376,0.615,2.8000000000000003,3.0,"[""La"", ""Sr""]","[0.8, 0.2]","[""Cr""]",[1.0],"{""Sr"": 0.2, ""La"": 0.8, ""Cr"": 1.0, ""O"": 3.0}"
mp-1218808,Sr2La(FeO3)3,Fe-La-O-Sr,Fe-La-O-Sr,A,1,False,0.004330482000004,0.9819967034571124,0.9727760771335716,0.0377123616632824,0.0,0.666666666666667,1.413333333333333,0.645,2.333333333333333,3.0,"[""La"", ""Sr""]","[0.3333333333333333, 0.6666666666666666]","[""Fe""]",[1.0],"{""Sr"": 0.6666666666666666, ""La"": 0.3333333333333333, ""Fe"": 1.0, ""O"": 3.0}"
mp-1279034,SrLa(FeO3)2,Fe-La-O-Sr,Fe-La-O-Sr,A,1,False,0.007354449000001,0.9543348244864894,0.9681657639718008,0.0399999999999999,0.0,0.5,1.4,0.645,2.5,3.0,"[""La"", ""Sr""]","[0.5, 0.5]","[""Fe""]",[1.0],"{""Sr"": 0.5, ""La"": 0.5, ""Fe"": 1.0, ""O"": 3.0}"
mp-1218605,SrLa2(FeO3)3,Fe-La-O-Sr,Fe-La-O-Sr,A,1,False,0.012029344333337,0.9543348244864894,0.9635554508100304,0.0377123616632824,0.0,0.3333333333333339,1.3866666666666667,0.645,2.6666666666666665,3.0,"[""La"", ""Sr""]","[0.6666666666666666, 0.3333333333333333]","[""Fe""]",[1.0],"{""Sr"": 0.3333333333333333, ""La"": 0.6666666666666666, ""Fe"": 1.0, ""O"": 3.0}"
mp-1218430,Sr3LaMn4O12,La-Mn-O-Sr,La-Mn-O-Sr,A,0,False,0.061768277220821,1.0405094603988574,1.033181928987598,0.0346410161513774,0.0,0.25,1.4200000000000002,0.53,2.25,4.0,"[""La"", ""Sr""]","[0.25, 0.75]","[""Mn""]",[1.0],"{""Sr"": 0.75, ""La"": 0.25, ""Mn"": 1.0, ""O"": 3.0}"
mp-1218611,Sr4LaMn5O15,La-Mn-O-Sr,La-Mn-O-Sr,A,0,False,0.060579172276661,1.0405094603988574,1.0346474352698498,0.0319999999999999,0.0,0.2000000000000001,1.424,0.53,2.2,4.0,"[""La"", ""Sr""]","[0.2, 0.8]","[""Mn""]",[1.0],"{""Sr"": 0.8, ""La"": 0.2, ""Mn"": 1.0, ""O"": 3.0}"
mp-1650354,Sr4LaMn5O15,La-Mn-O-Sr,La-Mn-O-Sr,A,0,False,0.06614608187666,1.0405094603988574,1.0346474352698498,0.0319999999999999,0.0,0.2000000000000001,1.424,0.53,2.2,4.0,"[""La"", ""Sr""]","[0.2, 0.8]","[""Mn""]",[1.0],"{""Sr"": 0.8, ""La"": 0.2, ""Mn"": 1.0, ""O"": 3.0}"
mp-1650384,Sr4LaMn5O15,La-Mn-O-Sr,La-Mn-O-Sr,A,0,False,0.064276185076661,1.0405094603988574,1.0346474352698498,0.0319999999999999,0.0,0.2000000000000001,1.424,0.53,2.2,4.0,"[""La"", ""Sr""]","[0.2, 0.8]","[""Mn""]",[1.0],"{""Sr"": 0.8, ""La"": 0.2, ""Mn"": 1.0, ""O"": 3.0}"
mp-1208637,SrLa2Mn3O9,La-Mn-O-Sr,La-Mn-O-Sr,A,0,False,0.147735920666663,1.011199334753819,1.0209693766354986,0.0377123616632824,0.0,0.6666666666666661,1.3866666666666667,0.53,2.6666666666666665,4.0,"[""La"", ""Sr""]","[0.6666666666666666, 0.3333333333333333]","[""Mn""]",[1.0],"{""Sr"": 0.3333333333333333, ""La"": 0.6666666666666666, ""Mn"": 1.0, ""O"": 3.0}"
mp-1218317,SrLa2Mn3O9,La-Mn-O-Sr,La-Mn-O-Sr,A,0,False,0.124850684333329,1.011199334753819,1.0209693766354986,0.0377123616632824,0.0,0.6666666666666661,1.3866666666666667,0.53,2.6666666666666665,4.0,"[""La"", ""Sr""]","[0.6666666666666666, 0.3333333333333333]","[""Mn""]",[1.0],"{""Sr"": 0.3333333333333333, ""La"": 0.6666666666666666, ""Mn"": 1.0, ""O"": 3.0}"
mp-1302407,SrLa2Mn3O9,La-Mn-O-Sr,La-Mn-O-Sr,A,0,False,0.176694279333331,1.011199334753819,1.0209693766354986,0.0377123616632824,0.0,0.6666666666666661,1.3866666666666667,0.53,2.6666666666666665,4.0,"[""La"", ""Sr""]","[0.6666666666666666, 0.3333333333333333]","[""Mn""]",[1.0],"{""Sr"": 0.3333333333333333, ""La"": 0.6666666666666666, ""Mn"": 1.0, ""O"": 3.0}"
mp-1218242,SrLa3Mn4O12,La-Mn-O-Sr,La-Mn-O-Sr,A,0,False,0.16927426702499,1.011199334753819,1.0185268661650786,0.0346410161513774,0.0,0.75,1.38,0.53,2.75,4.0,"[""La"", ""Sr""]","[0.75, 0.25]","[""Mn""]",[1.0],"{""Sr"": 0.25, ""La"": 0.75, ""Mn"": 1.0, ""O"": 3.0}"
mp-1218257,SrLa3Mn4O12,La-Mn-O-Sr,La-Mn-O-Sr,A,0,False,0.142234317524989,1.011199334753819,1.0185268661650786,0.0346410161513774,0.0,0.75,1.38,0.53,2.75,4.0,"[""La"", ""Sr""]","[0.75, 0.25]","[""Mn""]",[1.0],"{""Sr"": 0.25, ""La"": 0.75, ""Mn"": 1.0, ""O"": 3.0}"
mp-1565572,SrLa3Mn4O12,La-Mn-O-Sr,La-Mn-O-Sr,A,0,False,0.180793493024991,1.011199334753819,1.0185268661650786,0.0346410161513774,0.0,0.75,1.38,0.53,2.75,4.0,"[""La"", ""Sr""]","[0.75, 0.25]","[""Mn""]",[1.0],"{""Sr"": 0.25, ""La"": 0.75, ""Mn"": 1.0, ""O"": 3.0}"
mp-705906,SrLa3Mn4O12,La-Mn-O-Sr,La-Mn-O-Sr,A,0,False,0.14304984652499,1.011199334753819,1.0185268661650786,0.0346410161513774,0.0,0.75,1.38,0.53,2.75,4.0,"[""La"", ""Sr""]","[0.75, 0.25]","[""Mn""]",[1.0],"{""Sr"": 0.25, ""La"": 0.75, ""Mn"": 1.0, ""O"": 3.0}"
mp-1218562,Sr4LaTi5O15,La-O-Sr-Ti,La-O-Sr-Ti,A,1,True,0.0,1.001587660134561,0.9959449127535211,0.0319999999999999,0.0,0.2000000000000001,1.424,0.605,2.2,4.0,"[""La"", ""Sr""]","[0.2, 0.8]","[""Ti""]",[1.0],"{""Sr"": 0.8, ""La"": 0.2, ""Ti"": 1.0, ""O"": 3.0}"
mp-695042,Sr9LaTi10O30,La-O-Sr-Ti,La-O-Sr-Ti,A,1,True,0.0,1.001587660134561,0.9987662864440412,0.0239999999999999,0.0,0.0999999999999996,1.432,0.605,2.1,4.0,"[""La"", ""Sr""]","[0.1, 0.9]","[""Ti""]",[1.0],"{""Sr"": 0.9, ""La"": 0.1, ""Ti"": 1.0, ""O"": 3.0}"
mp-1218904,SrLa2Ti3O9,La-O-Sr-Ti,La-O-Sr-Ti,A,1,False,0.023043555354187,0.973373923229362,0.9827785021977616,0.0377123616632824,0.0,0.6666666666666661,1.3866666666666667,0.605,2.6666666666666665,4.0,"[""La"", ""Sr""]","[0.6666666666666666, 0.3333333333333333]","[""Ti""]",[1.0],"{""Sr"": 0.3333333333333333, ""La"": 0.6666666666666666, ""Ti"": 1.0, ""O"": 3.0}"
mp-1516757,NaNdHf2O6,Hf-Na-Nd-O,Hf-Na-Nd-O,A,0,False,0.093536723749995,0.934989535313018,0.9199090589370016,0.0449999999999999,0.0,0.0,1.345,0.71,2.0,4.0,"[""Na"", ""Nd""]","[0.5, 0.5]","[""Hf""]",[1.0],"{""Na"": 0.5, ""Nd"": 0.5, ""Hf"": 1.0, ""O"": 3.0}"
mp-1519126,NaNdNb2O6,Na-Nb-Nd-O,Na-Nb-Nd-O,A,0,False,0.178150340500002,0.9670725095639544,0.9514745658613102,0.0449999999999999,0.0,1.0,1.345,0.64,2.0,5.0,"[""Na"", ""Nd""]","[0.5, 0.5]","[""Nb""]",[1.0],"{""Na"": 0.5, ""Nd"": 0.5, ""Nb"": 1.0, ""O"": 3.0}"
mp-1220984,NaNdTi2O6,Na-Nd-O-Ti,Na-Nd-O-Ti,A,1,False,0.011209146600011,0.9839540745688118,0.9680838475596374,0.0449999999999999,0.0,0.0,1.345,0.605,2.0,4.0,"[""Na"", ""Nd""]","[0.5, 0.5]","[""Ti""]",[1.0],"{""Na"": 0.5, ""Nd"": 0.5, ""Ti"": 1.0, ""O"": 3.0}"
mp-1518838,NaPrHf2O6,Hf-Na-O-Pr,Hf-Na-O-Pr,A,0,False,0.0603192485,0.934989535313018,0.9232602759094496,0.0349999999999999,0.0,0.0,1.355,0.71,2.0,4.0,"[""Na"", ""Pr""]","[0.5, 0.5]","[""Hf""]",[1.0],"{""Na"": 0.5, ""Pr"": 0.5, ""Hf"": 1.0, ""O"": 3.0}"
mp-1221009,NaPr3Mn4O12,Mn-Na-O-Pr,Mn-Na-O-Pr,A,1,False,0.012149213124992,0.9965442719313,1.002955861916152,0.0303108891324552,0.0,0.5,1.3375,0.53,2.5,4.0,"[""Na"", ""Pr""]","[0.25, 0.75]","[""Mn""]",[1.0],"{""Na"": 0.25, ""Pr"": 0.75, ""Mn"": 1.0, ""O"": 3.0}"
mp-1522162,NaPrNb2O6,Na-Nb-O-Pr,Na-Nb-O-Pr,A,0,False,0.159506611499999,0.9670725095639544,0.9549407755730088,0.0349999999999999,0.0,1.0,1.355,0.64,2.0,5.0,"[""Na"", ""Pr""]","[0.5, 0.5]","[""Nb""]",[1.0],"{""Na"": 0.5, ""Pr"": 0.5, ""Nb"": 1.0, ""O"": 3.0}"
mp-1220924,NaPrTi2O6,Na-O-Pr-Ti,Na-O-Pr-Ti,A,1,False,0.00998465097501,0.9839540745688118,0.9716105646727872,0.0349999999999999,0.0,0.0,1.355,0.605,2.0,4.0,"[""Na"", ""Pr""]","[0.5, 0.5]","[""Ti""]",[1.0],"{""Na"": 0.5, ""Pr"": 0.5, ""Ti"": 1.0, ""O"": 3.0}"
mp-1520589,NaPrZr2O6,Na-O-Pr-Zr,Na-O-Pr-Zr,A,0,False,0.194526067249997,0.9305792073162582,0.9189052746079897,0.0349999999999999,0.0,0.0,1.355,0.72,2.0,4.0,"[""Na"", ""Pr""]","[0.5, 0.5]","[""Zr""]",[1.0],"{""Na"": 0.5, ""Pr"": 0.5, ""Zr"": 1.0, ""O"": 3.0}"
mp-1221219,Na3SrTa4O12,Na-O-Sr-Ta,Na-O-Sr-Ta,A,1,True,0.0,0.9670725095639544,0.971405271703578,0.0216506350946109,0.0,0.25,1.4025,0.64,1.25,5.0,"[""Na"", ""Sr""]","[0.75, 0.25]","[""Ta""]",[1.0],"{""Na"": 0.75, ""Sr"": 0.25, ""Ta"": 1.0, ""O"": 3.0}"
mp-1220872,NaSr2Ta3O9,Na-O-Sr-Ta,Na-O-Sr-Ta,A,1,False,0.01804274205927,0.9844035581224484,0.9786265419362836,0.0235702260395516,0.0,0.6666666666666661,1.4233333333333331,0.64,1.6666666666666663,5.0,"[""Na"", ""Sr""]","[0.3333333333333333, 0.6666666666666666]","[""Ta""]",[1.0],"{""Na"": 0.3333333333333333, ""Sr"": 0.6666666666666666, ""Ta"": 1.0, ""O"": 3.0}"
mp-1218675,Sr4NdMn5O15,Mn-Nd-O-Sr,Mn-Nd-O-Sr,A,1,False,0.029888516933332,1.0405094603988574,1.030250916423094,0.0559999999999999,0.0,0.2000000000000001,1.412,0.53,2.2,4.0,"[""Nd"", ""Sr""]","[0.2, 0.8]","[""Mn""]",[1.0],"{""Sr"": 0.8, ""Nd"": 0.2, ""Mn"": 1.0, ""O"": 3.0}"
mp-1218259,SrNd2Mn3O9,Mn-Nd-O-Sr,Mn-Nd-O-Sr,A,1,True,0.0,0.9892167405200406,1.0063143138129795,0.0659966329107443,0.0,0.6666666666666661,1.346666666666667,0.53,2.6666666666666665,4.0,"[""Nd"", ""Sr""]","[0.6666666666666666, 0.3333333333333333]","[""Mn""]",[1.0],"{""Sr"": 0.3333333333333333, ""Nd"": 0.6666666666666666, ""Mn"": 1.0, ""O"": 3.0}"
mp-1218069,SrPr(FeO3)2,Fe-O-Pr-Sr,Fe-O-Pr-Sr,A,1,True,0.0,0.940503885001178,0.9612502942291452,0.0599999999999999,0.0,0.5,1.38,0.645,2.5,3.0,"[""Pr"", ""Sr""]","[0.5, 0.5]","[""Fe""]",[1.0],"{""Sr"": 0.5, ""Pr"": 0.5, ""Fe"": 1.0, ""O"": 3.0}"
mp-1218104,SrPr3(FeO3)4,Fe-O-Pr-Sr,Fe-O-Pr-Sr,A,1,True,0.0,0.940503885001178,0.9508770896151616,0.0519615242270662,0.0,0.25,1.35,0.645,2.75,3.0,"[""Pr"", ""Sr""]","[0.75, 0.25]","[""Fe""]",[1.0],"{""Sr"": 0.25, ""Pr"": 0.75, ""Fe"": 1.0, ""O"": 3.0}"
mp-1218433,Sr3PrMn4O12,Mn-O-Pr-Sr,Mn-O-Pr-Sr,A,1,False,0.0188885650625,1.0405094603988574,1.029518163281968,0.0519615242270662,0.0,0.25,1.41,0.53,2.25,4.0,"[""Pr"", ""Sr""]","[0.25, 0.75]","[""Mn""]",[1.0],"{""Sr"": 0.75, ""Pr"": 0.25, ""Mn"": 1.0, ""O"": 3.0}"
mp-1218591,Sr4PrMn5O15,Mn-O-Pr-Sr,Mn-O-Pr-Sr,A,1,False,0.026378100149993,1.0405094603988574,1.031716422705346,0.0479999999999999,0.0,0.2000000000000001,1.416,0.53,2.2,4.0,"[""Pr"", ""Sr""]","[0.2, 0.8]","[""Mn""]",[1.0],"{""Sr"": 0.8, ""Pr"": 0.2, ""Mn"": 1.0, ""O"": 3.0}"
mp-1218264,SrPr2Mn3O9,Mn-O-Pr-Sr,Mn-O-Pr-Sr,A,1,True,0.0,0.9965442719313,1.011199334753819,0.0565685424949237,0.0,0.6666666666666661,1.36,0.53,2.6666666666666665,4.0,"[""Pr"", ""Sr""]","[0.6666666666666666, 0.3333333333333333]","[""Mn""]",[1.0],"{""Sr"": 0.3333333333333333, ""Pr"": 0.6666666666666666, ""Mn"": 1.0, ""O"": 3.0}"
mp-1218059,SrPrMn2O6,Mn-O-Pr-Sr,Mn-O-Pr-Sr,A,1,False,0.000721260624999,0.9965442719313,1.0185268661650786,0.0599999999999999,0.0,0.5,1.38,0.53,2.5,4.0,"[""Pr"", ""Sr""]","[0.5, 0.5]","[""Mn""]",[1.0],"{""Sr"": 0.5, ""Pr"": 0.5, ""Mn"": 1.0, ""O"": 3.0}"
mp-31627,Ba2NbCrO6,Ba-Cr-Nb-O,Ba-Cr-Nb-O,B,1,True,0.0,1.0562736532861083,1.0497614852633823,0.0,0.0125,0.0,1.61,0.6275,2.0,4.0,"[""Ba""]",[1.0],"[""Cr"", ""Nb""]","[0.5, 0.5]","{""Ba"": 1.0, ""Nb"": 0.5, ""Cr"": 0.5, ""O"": 3.0}"
mp-1521461,Ba2CrSnO6,Ba-Cr-O-Sn,Ba-Cr-O-Sn,B,0,False,0.100447547312494,1.0562736532861083,1.0369751090725985,0.0,0.0374999999999999,0.5,1.61,0.6525,2.0,3.5,"[""Ba""]",[1.0],"[""Cr"", ""Sn""]","[0.5, 0.5]","{""Ba"": 1.0, ""Cr"": 0.5, ""Sn"": 0.5, ""O"": 3.0}"
mp-31630,Ba2TaCrO6,Ba-Cr-O-Ta,Ba-Cr-O-Ta,B,1,True,0.0,1.0562736532861083,1.0497614852633823,0.0,0.0125,0.0,1.61,0.6275,2.0,4.0,"[""Ba""]",[1.0],"[""Cr"", ""Ta""]","[0.5, 0.5]","{""Ba"": 1.0, ""Ta"": 0.5, ""Cr"": 0.5, ""O"": 3.0}"
mp-1021504,Ba2NbFeO6,Ba-Fe-Nb-O,Ba-Fe-Nb-O,B,1,True,0.0,1.0407781962696858,1.0420520985907014,0.0,0.0025,0.0,1.61,0.6425000000000001,2.0,4.0,"[""Ba""]",[1.0],"[""Fe"", ""Nb""]","[0.5, 0.5]","{""Ba"": 1.0, ""Nb"": 0.5, ""Fe"": 0.5, ""O"": 3.0}"
mp-1022733,Ba2NbFeO6,Ba-Fe-Nb-O,Ba-Fe-Nb-O,B,1,False,0.018142035833317,1.0407781962696858,1.0420520985907014,0.0,0.0025,0.0,1.61,0.6425000000000001,2.0,4.0,"[""Ba""]",[1.0],"[""Fe"", ""Nb""]","[0.5, 0.5]","{""Ba"": 1.0, ""Nb"": 0.5, ""Fe"": 0.5, ""O"": 3.0}"
mp-1022808,Ba2NbFeO6,Ba-Fe-Nb-O,Ba-Fe-Nb-O,B,1,False,0.022298484499984,1.0407781962696858,1.0420520985907014,0.0,0.0025,0.0,1.61,0.6425000000000001,2.0,4.0,"[""Ba""]",[1.0],"[""Fe"", ""Nb""]","[0.5, 0.5]","{""Ba"": 1.0, ""Nb"": 0.5, ""Fe"": 0.5, ""O"": 3.0}"
mp-1205671,Ba2TaFeO6,Ba-Fe-O-Ta,Ba-Fe-O-Ta,B,1,True,0.0,1.0407781962696858,1.0420520985907014,0.0,0.0025,0.0,1.61,0.6425000000000001,2.0,4.0,"[""Ba""]",[1.0],"[""Fe"", ""Ta""]","[0.5, 0.5]","{""Ba"": 1.0, ""Ta"": 0.5, ""Fe"": 0.5, ""O"": 3.0}"
mp-1228536,Ba2TiFeO6,Ba-Fe-O-Ti,Ba-Fe-O-Ti,B,1,False,0.015144188583332,1.0407781962696858,1.0510574870970408,0.0,0.02,0.5,1.61,0.625,2.0,3.5,"[""Ba""]",[1.0],"[""Fe"", ""Ti""]","[0.5, 0.5]","{""Ba"": 1.0, ""Ti"": 0.5, ""Fe"": 0.5, ""O"": 3.0}"
mp-1228231,Ba3TiFe2O9,Ba-Fe-O-Ti,Ba-Fe-O-Ti,B,1,True,0.0,1.0407781962696858,1.0476085699941795,0.0,0.0188561808316412,0.666666666666667,1.61,0.6316666666666666,2.0,3.333333333333333,"[""Ba""]",[1.0],"[""Fe"", ""Ti""]","[0.6666666666666666, 0.3333333333333333]","{""Ba"": 1.0, ""Ti"": 0.3333333333333333, ""Fe"": 0.6666666666666666, ""O"": 3.0}"
mp-1228238,Ba3TiFe2O9,Ba-Fe-O-Ti,Ba-Fe-O-Ti,B,1,False,0.005136330333332,1.0407781962696858,1.0476085699941795,0.0,0.0188561808316412,0.666666666666667,1.61,0.6316666666666666,2.0,3.333333333333333,"[""Ba""]",[1.0],"[""Fe"", ""Ti""]","[0.6666666666666666, 0.3333333333333333]","{""Ba"": 1.0, ""Ti"": 0.3333333333333333, ""Fe"": 0.6666666666666666, ""O"": 3.0}"
mp-1096782,Ba2VFeO6,Ba-Fe-O-V,Ba-Fe-O-V,B,0,False,0.10079025249999,1.0407781962696858,1.0682014611651232,0.0,0.0524999999999999,0.0,1.61,0.5925,2.0,4.0,"[""Ba""]",[1.0],"[""Fe"", ""V""]","[0.5, 0.5]","{""Ba"": 1.0, ""V"": 0.5, ""Fe"": 0.5, ""O"": 3.0}"
mp-1096783,Ba2VFeO6,Ba-Fe-O-V,Ba-Fe-O-V,B,0,False,0.12466782549999,1.0407781962696858,1.0682014611651232,0.0,0.0524999999999999,0.0,1.61,0.5925,2.0,4.0,"[""Ba""]",[1.0],"[""Fe"", ""V""]","[0.5, 0.5]","{""Ba"": 1.0, ""V"": 0.5, ""Fe"": 0.5, ""O"": 3.0}"
mp-1228414,Ba2MnNbO6,Ba-Mn-Nb-O,Ba-Mn-Nb-O,B,1,False,0.027375552666663,1.1027934773945636,1.0722374868370317,0.0,0.0549999999999999,0.5,1.61,0.585,2.0,4.5,"[""Ba""]",[1.0],"[""Mn"", ""Nb""]","[0.5, 0.5]","{""Ba"": 1.0, ""Mn"": 0.5, ""Nb"": 0.5, ""O"": 3.0}"
mp-1272179,Ba2MnNbO6,Ba-Mn-Nb-O,Ba-Mn-Nb-O,B,1,False,0.004553596166662,1.1027934773945636,1.0722374868370317,0.0,0.0549999999999999,0.5,1.61,0.585,2.0,4.5,"[""Ba""]",[1.0],"[""Mn"", ""Nb""]","[0.5, 0.5]","{""Ba"": 1.0, ""Mn"": 0.5, ""Nb"": 0.5, ""O"": 3.0}"
mp-1275240,Ba2MnNbO6,Ba-Mn-Nb-O,Ba-Mn-Nb-O,B,1,False,0.005175065416661,1.1027934773945636,1.0722374868370317,0.0,0.0549999999999999,0.5,1.61,0.585,2.0,4.5,"[""Ba""]",[1.0],"[""Mn"", ""Nb""]","[0.5, 0.5]","{""Ba"": 1.0, ""Mn"": 0.5, ""Nb"": 0.5, ""O"": 3.0}"
mp-1278519,Ba2MnNbO6,Ba-Mn-Nb-O,Ba-Mn-Nb-O,B,1,False,0.016502758166661,1.1027934773945636,1.0722374868370317,0.0,0.0549999999999999,0.5,1.61,0.585,2.0,4.5,"[""Ba""]",[1.0],"[""Mn"", ""Nb""]","[0.5, 0.5]","{""Ba"": 1.0, ""Mn"": 0.5, ""Nb"": 0.5, ""O"": 3.0}"
mp-1278534,Ba2MnNbO6,Ba-Mn-Nb-O,Ba-Mn-Nb-O,B,1,False,0.006360355666661,1.1027934773945636,1.0722374868370317,0.0,0.0549999999999999,0.5,1.61,0.585,2.0,4.5,"[""Ba""]",[1.0],"[""Mn"", ""Nb""]","[0.5, 0.5]","{""Ba"": 1.0, ""Mn"": 0.5, ""Nb"": 0.5, ""O"": 3.0}"
mp-20921,Ba3MnNb2O9,Ba-Mn-Nb-O,Ba-Mn-Nb-O,B,1,True,0.0,1.043329123221327,1.062424997356826,0.0,0.0518544972870134,0.6666666666666661,1.61,0.6033333333333333,2.0,4.666666666666666,"[""Ba""]",[1.0],"[""Mn"", ""Nb""]","[0.3333333333333333, 0.6666666666666666]","{""Ba"": 1.0, ""Mn"": 0.3333333333333333, ""Nb"": 0.6666666666666666, ""O"": 3.0}"
mp-1520156,Ba2MnSnO6,Ba-Mn-O-Sn,Ba-Mn-O-Sn,B,0,False,0.084369763833322,1.1027934773945636,1.0589011996873174,0.0,0.0799999999999999,0.0,1.61,0.61,2.0,4.0,"[""Ba""]",[1.0],"[""Mn"", ""Sn""]","[0.5, 0.5]","{""Ba"": 1.0, ""Mn"": 0.5, ""Sn"": 0.5, ""O"": 3.0}"
mp-1228319,Ba2TaMnO6,Ba-Mn-O-Ta,Ba-Mn-O-Ta,B,1,False,0.028530789916667,1.1027934773945636,1.0722374868370317,0.0,0.0549999999999999,0.5,1.61,0.585,2.0,4.5,"[""Ba""]",[1.0],"[""Mn"", ""Ta""]","[0.5, 0.5]","{""Ba"": 1.0, ""Ta"": 0.5, ""Mn"": 0.5, ""O"": 3.0}"
mp-1291775,Ba2TaMnO6,Ba-Mn-O-Ta,Ba-Mn-O-Ta,B,1,False,0.006747219916666,1.1027934773945636,1.0722374868370317,0.0,0.0549999999999999,0.5,1.61,0.585,2.0,4.5,"[""Ba""]",[1.0],"[""Mn"", ""Ta""]","[0.5, 0.5]","{""Ba"": 1.0, ""Ta"": 0.5, ""Mn"": 0.5, ""O"": 3.0}"
mp-1307944,Ba2TaMnO6,Ba-Mn-O-Ta,Ba-Mn-O-Ta,B,1,False,0.007676211416667,1.1027934773945636,1.0722374868370317,0.0,0.0549999999999999,0.5,1.61,0.585,2.0,4.5,"[""Ba""]",[1.0],"[""Mn"", ""Ta""]","[0.5, 0.5]","{""Ba"": 1.0, ""Ta"": 0.5, ""Mn"": 0.5, ""O"": 3.0}"
mp-1309882,Ba2TaMnO6,Ba-Mn-O-Ta,Ba-Mn-O-Ta,B,1,False,0.006158234416668,1.1027934773945636,1.0722374868370317,0.0,0.0549999999999999,0.5,1.61,0.585,2.0,4.5,"[""Ba""]",[1.0],"[""Mn"", ""Ta""]","[0.5, 0.5]","{""Ba"": 1.0, ""Ta"": 0.5, ""Mn"": 0.5, ""O"": 3.0}"
mp-1214505,Ba3Ta2MnO9,Ba-Mn-O-Ta,Ba-Mn-O-Ta,B,1,True,0.0,1.043329123221327,1.062424997356826,0.0,0.0518544972870134,0.6666666666666661,1.61,0.6033333333333333,2.0,4.666666666666666,"[""Ba""]",[1.0],"[""Mn"", ""Ta""]","[0.3333333333333333, 0.6666666666666666]","{""Ba"": 1.0, ""Ta"": 0.6666666666666666, ""Mn"": 0.3333333333333333, ""O"": 3.0}"
mp-1228358,Ba2TiMnO6,Ba-Mn-O-Ti,Ba-Mn-O-Ti,B,1,False,0.019383723583304,1.1027934773945636,1.0817745419931424,0.0,0.0374999999999999,0.0,1.61,0.5675,2.0,4.0,"[""Ba""]",[1.0],"[""Mn"", ""Ti""]","[0.5, 0.5]","{""Ba"": 1.0, ""Ti"": 0.5, ""Mn"": 0.5, ""O"": 3.0}"
mp-1206644,Ba2ScNbO6,Ba-Nb-O-Sc,Ba-Nb-O-Sc,B,1,True,0.0,1.043329123221327,1.0171524068681042,0.0,0.0524999999999999,0.0,1.61,0.6925,2.0,4.0,"[""Ba""]",[1.0],"[""Nb"", ""Sc""]","[0.5, 0.5]","{""Ba"": 1.0, ""Sc"": 0.5, ""Nb"": 0.5, ""O"": 3.0}"
mp-1078969,Ba2NbVO6,Ba-Nb-O-V,Ba-Nb-O-V,B,1,True,0.0,1.043329123221327,1.069543422799753,0.0,0.0499999999999999,1.0,1.61,0.5900000000000001,2.0,5.0,"[""Ba""]",[1.0],"[""Nb"", ""V""]","[0.5, 0.5]","{""Ba"": 1.0, ""Nb"": 0.5, ""V"": 0.5, ""O"": 3.0}"
mp-1277332,Ba2NbVO6,Ba-Nb-O-V,Ba-Nb-O-V,B,1,False,0.024770524999999,1.043329123221327,1.069543422799753,0.0,0.0499999999999999,1.0,1.61,0.5900000000000001,2.0,5.0,"[""Ba""]",[1.0],"[""Nb"", ""V""]","[0.5, 0.5]","{""Ba"": 1.0, ""Nb"": 0.5, ""V"": 0.5, ""O"": 3.0}"
mp-1205823,Ba2ScTaO6,Ba-O-Sc-Ta,Ba-O-Sc-Ta,B,1,True,0.0,0.992257068238465,1.0171524068681042,0.0,0.0524999999999999,0.0,1.61,0.6925,2.0,4.0,"[""Ba""]",[1.0],"[""Sc"", ""Ta""]","[0.5, 0.5]","{""Ba"": 1.0, ""Sc"": 0.5, ""Ta"": 0.5, ""O"": 3.0}"
mp-1228067,Ba2ZrSnO6,Ba-O-Sn-Zr,Ba-O-Sn-Zr,B,1,True,0.0,1.0183690963500038,1.0111123094401462,0.0,0.015,0.0,1.61,0.705,2.0,4.0,"[""Ba""]",[1.0],"[""Sn"", ""Zr""]","[0.5, 0.5]","{""Ba"": 1.0, ""Zr"": 0.5, ""Sn"": 0.5, ""O"": 3.0}"
mp-1078457,Ba2ZrTiO6,Ba-O-Ti-Zr,Ba-O-Ti-Zr,B,1,False,0.004841601999968,1.0615418510581087,1.0319473509680035,0.0,0.0574999999999999,0.0,1.61,0.6625,2.0,4.0,"[""Ba""]",[1.0],"[""Ti"", ""Zr""]","[0.5, 0.5]","{""Ba"": 1.0, ""Zr"": 0.5, ""Ti"": 0.5, ""O"": 3.0}"
mp-1228038,Ba4Zr3TiO12,Ba-O-Ti-Zr,Ba-O-Ti-Zr,B,1,False,0.015201847499991,1.0039582129110884,1.0177603879839845,0.0,0.0497964607176052,0.0,1.61,0.69125,2.0,4.0,"[""Ba""]",[1.0],"[""Ti"", ""Zr""]","[0.25, 0.75]","{""Ba"": 1.0, ""Zr"": 0.75, ""Ti"": 0.25, ""O"": 3.0}"
mp-1247672,Ca4Mn3CrO12,Ca-Cr-Mn-O,Ca-Cr-Mn-O,B,0,False,0.126014870874999,1.0038718033425598,0.992939182806478,0.0,0.0368060796608386,0.25,1.34,0.55125,2.0,3.75,"[""Ca""]",[1.0],"[""Cr"", ""Mn""]","[0.25, 0.75]","{""Ca"": 1.0, ""Mn"": 0.75, ""Cr"": 0.25, ""O"": 3.0}"
mp-1247715,Ca4Mn3CrO12,Ca-Cr-Mn-O,Ca-Cr-Mn-O,B,1,False,0.043190005249999,1.0038718033425598,0.992939182806478,0.0,0.0368060796608386,0.25,1.34,0.55125,2.0,3.75,"[""Ca""]",[1.0],"[""Cr"", ""Mn""]","[0.25, 0.75]","{""Ca"": 1.0, ""Mn"": 0.75, ""Cr"": 0.25, ""O"": 3.0}"
mp-1247642,Ca8Mn7CrO24,Ca-Cr-Mn-O,Ca-Cr-Mn-O,B,0,False,0.128818684854166,1.0038718033425598,0.9983755648057404,0.0,0.0281111076800612,0.125,1.34,0.540625,2.0,3.875,"[""Ca""]",[1.0],"[""Cr"", ""Mn""]","[0.125, 0.875]","{""Ca"": 1.0, ""Mn"": 0.875, ""Cr"": 0.125, ""O"": 3.0}"
mp-1247675,Ca8Mn7CrO24,Ca-Cr-Mn-O,Ca-Cr-Mn-O,B,0,False,0.050922514604166,1.0038718033425598,0.9983755648057404,0.0,0.0281111076800612,0.125,1.34,0.540625,2.0,3.875,"[""Ca""]",[1.0],"[""Cr"", ""Mn""]","[0.125, 0.875]","{""Ca"": 1.0, ""Mn"": 0.875, ""Cr"": 0.125, ""O"": 3.0}"
mp-1214115,Ca2NbCrO6,Ca-Cr-Nb-O,Ca-Cr-Nb-O,B,1,True,0.0,0.961524853821906,0.9555968337613516,0.0,0.0125,0.0,1.34,0.6275,2.0,4.0,"[""Ca""]",[1.0],"[""Cr"", ""Nb""]","[0.5, 0.5]","{""Ca"": 1.0, ""Nb"": 0.5, ""Cr"": 0.5, ""O"": 3.0}"
mp-1214103,Ca2TaCrO6,Ca-Cr-O-Ta,Ca-Cr-O-Ta,B,1,True,0.0,0.961524853821906,0.9555968337613516,0.0,0.0125,0.0,1.34,0.6275,2.0,4.0,"[""Ca""]",[1.0],"[""Cr"", ""Ta""]","[0.5, 0.5]","{""Ca"": 1.0, ""Ta"": 0.5, ""Cr"": 0.5, ""O"": 3.0}"
mp-1345721,Ca2TaCrO6,Ca-Cr-O-Ta,Ca-Cr-O-Ta,B,1,False,0.023155338749967,0.961524853821906,0.9555968337613516,0.0,0.0125,0.0,1.34,0.6275,2.0,4.0,"[""Ca""]",[1.0],"[""Cr"", ""Ta""]","[0.5, 0.5]","{""Ca"": 1.0, ""Ta"": 0.5, ""Cr"": 0.5, ""O"": 3.0}"
mp-1227758,Ca2TiCrO6,Ca-Cr-O-Ti,Ca-Cr-O-Ti,B,1,False,0.029853680000003,0.961524853821906,0.9639167066921096,0.0,0.005,0.5,1.34,0.61,2.0,3.5,"[""Ca""]",[1.0],"[""Cr"", ""Ti""]","[0.5, 0.5]","{""Ca"": 1.0, ""Ti"": 0.5, ""Cr"": 0.5, ""O"": 3.0}"
mp-1214121,Ca2NbFeO6,Ca-Fe-Nb-O,Ca-Fe-Nb-O,B,1,True,0.0,0.947419354743834,0.9485789867569842,0.0,0.0025,0.0,1.34,0.6425000000000001,2.0,4.0,"[""Ca""]",[1.0],"[""Fe"", ""Nb""]","[0.5, 0.5]","{""Ca"": 1.0, ""Nb"": 0.5, ""Fe"": 0.5, ""O"": 3.0}"
mp-1341944,Ca2TaFeO6,Ca-Fe-O-Ta,Ca-Fe-O-Ta,B,1,False,0.005046326249999,0.947419354743834,0.9485789867569842,0.0,0.0025,0.0,1.34,0.6425000000000001,2.0,4.0,"[""Ca""]",[1.0],"[""Fe"", ""Ta""]","[0.5, 0.5]","{""Ca"": 1.0, ""Ta"": 0.5, ""Fe"": 0.5, ""O"": 3.0}"
mp-1227247,Ca4Ti3FeO12,Ca-Fe-O-Ti,Ca-Fe-O-Ti,B,1,False,0.022276705499999,0.9663204890030626,0.961524853821906,0.0,0.0173205080756887,0.25,1.34,0.615,2.0,3.75,"[""Ca""]",[1.0],"[""Fe"", ""Ti""]","[0.25, 0.75]","{""Ca"": 1.0, ""Ti"": 0.75, ""Fe"": 0.25, ""O"": 3.0}"
mp-1521637,Ca2ZrFeO6,Ca-Fe-O-Zr,Ca-Fe-O-Zr,B,0,False,0.149494715000002,0.947419354743834,0.9303589822094313,0.0,0.0374999999999999,0.5,1.34,0.6825,2.0,3.5,"[""Ca""]",[1.0],"[""Fe"", ""Zr""]","[0.5, 0.5]","{""Ca"": 1.0, ""Zr"": 0.5, ""Fe"": 0.5, ""O"": 3.0}"
mp-1523252,Ca2HfNbO6,Ca-Hf-Nb-O,Ca-Hf-Nb-O,B,0,False,0.186267606374993,0.9182334504507774,0.9337217255186218,0.0,0.0349999999999999,0.5,1.34,0.675,2.0,4.5,"[""Ca""]",[1.0],"[""Hf"", ""Nb""]","[0.5, 0.5]","{""Ca"": 1.0, ""Hf"": 0.5, ""Nb"": 0.5, ""O"": 3.0}"
mp-1519136,Ca2HfSnO6,Ca-Hf-O-Sn,Ca-Hf-O-Sn,B,0,False,0.159915481250007,0.9182334504507774,0.9226059906910192,0.0,0.01,0.0,1.34,0.7,2.0,4.0,"[""Ca""]",[1.0],"[""Hf"", ""Sn""]","[0.5, 0.5]","{""Ca"": 1.0, ""Hf"": 0.5, ""Sn"": 0.5, ""O"": 3.0}"
mp-1516534,Ca2HfTiO6,Ca-Hf-O-Ti,Ca-Hf-O-Ti,B,0,False,0.116109330750001,0.9182334504507774,0.9416634655898616,0.0,0.0524999999999999,0.0,1.34,0.6575,2.0,4.0,"[""Ca""]",[1.0],"[""Hf"", ""Ti""]","[0.5, 0.5]","{""Ca"": 1.0, ""Hf"": 0.5, ""Ti"": 0.5, ""O"": 3.0}"
mp-1522139,Ca2HfZrO6,Ca-Hf-O-Zr,Ca-Hf-O-Zr,B,0,False,0.173415511250002,0.9182334504507774,0.9160626857925014,0.0,0.005,0.0,1.34,0.715,2.0,4.0,"[""Ca""]",[1.0],"[""Hf"", ""Zr""]","[0.5, 0.5]","{""Ca"": 1.0, ""Hf"": 0.5, ""Zr"": 0.5, ""O"": 3.0}"
mp-1227519,Ca2MnNbO6,Ca-Mn-Nb-O,Ca-Mn-Nb-O,B,1,False,0.013132983374999,1.0038718033425598,0.976056715592514,0.0,0.0549999999999999,0.5,1.34,0.585,2.0,4.5,"[""Ca""]",[1.0],"[""Mn"", ""Nb""]","[0.5, 0.5]","{""Ca"": 1.0, ""Mn"": 0.5, ""Nb"": 0.5, ""O"": 3.0}"
mp-558810,Ca2TaMnO6,Ca-Mn-O-Ta,Ca-Mn-O-Ta,B,1,False,0.008585782196426,1.0038718033425598,0.976056715592514,0.0,0.0549999999999999,0.5,1.34,0.585,2.0,4.5,"[""Ca""]",[1.0],"[""Mn"", ""Ta""]","[0.5, 0.5]","{""Ca"": 1.0, ""Ta"": 0.5, ""Mn"": 0.5, ""O"": 3.0}"
mp-1227706,Ca2TiMnO6,Ca-Mn-O-Ti,Ca-Mn-O-Ti,B,1,False,0.005292682416669,1.0038718033425598,0.9847382873957512,0.0,0.0374999999999999,0.0,1.34,0.5675,2.0,4.0,"[""Ca""]",[1.0],"[""Mn"", ""Ti""]","[0.5, 0.5]","{""Ca"": 1.0, ""Ti"": 0.5, ""Mn"": 0.5, ""O"": 3.0}"
mp-1247651,Ca4TiMn3O12,Ca-Mn-O-Ti,Ca-Mn-O-Ti,B,0,False,0.094476261375,1.0038718033425598,0.994212998307192,0.0,0.0324759526419164,0.0,1.34,0.5487500000000001,2.0,4.0,"[""Ca""]",[1.0],"[""Mn"", ""Ti""]","[0.75, 0.25]","{""Ca"": 1.0, ""Ti"": 0.25, ""Mn"": 0.75, ""O"": 3.0}"
mp-1247707,Ca4TiMn3O12,Ca-Mn-O-Ti,Ca-Mn-O-Ti,B,1,False,0.025117017874999,1.0038718033425598,0.994212998307192,0.0,0.0324759526419164,0.0,1.34,0.5487500000000001,2.0,4.0,"[""Ca""]",[1.0],"[""Mn"", ""Ti""]","[0.75, 0.25]","{""Ca"": 1.0, ""Ti"": 0.25, ""Mn"": 0.75, ""O"": 3.0}"
mp-1247605,Ca8Ti3Mn5O24,Ca-Mn-O-Ti,Ca-Mn-O-Ti,B,1,False,0.027352587458334,1.0038718033425598,0.9894529616092642,0.0,0.0363092188706945,0.0,1.34,0.558125,2.0,4.0,"[""Ca""]",[1.0],"[""Mn"", ""Ti""]","[0.625, 0.375]","{""Ca"": 1.0, ""Ti"": 0.375, ""Mn"": 0.625, ""O"": 3.0}"
mp-1247713,Ca8Ti3Mn5O24,Ca-Mn-O-Ti,Ca-Mn-O-Ti,B,0,False,0.084729025895835,1.0038718033425598,0.9894529616092642,0.0,0.0363092188706945,0.0,1.34,0.558125,2.0,4.0,"[""Ca""]",[1.0],"[""Mn"", ""Ti""]","[0.625, 0.375]","{""Ca"": 1.0, ""Ti"": 0.375, ""Mn"": 0.625, ""O"": 3.0}"
mp-1247635,Ca8TiMn7O24,Ca-Mn-O-Ti,Ca-Mn-O-Ti,B,0,False,0.103244502854169,1.0038718033425598,0.9990190553405816,0.0,0.0248039185412305,0.0,1.34,0.5393749999999999,2.0,4.0,"[""Ca""]",[1.0],"[""Mn"", ""Ti""]","[0.875, 0.125]","{""Ca"": 1.0, ""Ti"": 0.125, ""Mn"": 0.875, ""O"": 3.0}"
mp-1247708,Ca8TiMn7O24,Ca-Mn-O-Ti,Ca-Mn-O-Ti,B,1,False,0.040051200229169,1.0038718033425598,0.9990190553405816,0.0,0.0248039185412305,0.0,1.34,0.5393749999999999,2.0,4.0,"[""Ca""]",[1.0],"[""Mn"", ""Ti""]","[0.875, 0.125]","{""Ca"": 1.0, ""Ti"": 0.125, ""Mn"": 0.875, ""O"": 3.0}"
mp-1214125,Ca2ScNbO6,Ca-Nb-O-Sc,Ca-Nb-O-Sc,B,1,True,0.0,0.9497414610054608,0.9259128221988724,0.0,0.0524999999999999,0.0,1.34,0.6925,2.0,4.0,"[""Ca""]",[1.0],"[""Nb"", ""Sc""]","[0.5, 0.5]","{""Ca"": 1.0, ""Sc"": 0.5, ""Nb"": 0.5, ""O"": 3.0}"
mp-1517008,Ca2ZrNbO6,Ca-Nb-O-Zr,Ca-Nb-O-Zr,B,0,False,0.189977358624991,0.9497414610054608,0.9314772021399712,0.0,0.0399999999999999,0.5,1.34,0.6799999999999999,2.0,4.5,"[""Ca""]",[1.0],"[""Nb"", ""Zr""]","[0.5, 0.5]","{""Ca"": 1.0, ""Zr"": 0.5, ""Nb"": 0.5, ""O"": 3.0}"
mp-1214081,Ca2ScTaO6,Ca-O-Sc-Ta,Ca-O-Sc-Ta,B,1,True,0.0,0.9032506202569418,0.9259128221988724,0.0,0.0524999999999999,0.0,1.34,0.6925,2.0,4.0,"[""Ca""]",[1.0],"[""Sc"", ""Ta""]","[0.5, 0.5]","{""Ca"": 1.0, ""Sc"": 0.5, ""Ta"": 0.5, ""O"": 3.0}"
mp-1518540,Ca2ZrSnO6,Ca-O-Sn-Zr,Ca-O-Sn-Zr,B,0,False,0.174373955500001,0.9270203734215984,0.9204145275302328,0.0,0.015,0.0,1.34,0.705,2.0,4.0,"[""Ca""]",[1.0],"[""Sn"", ""Zr""]","[0.5, 0.5]","{""Ca"": 1.0, ""Zr"": 0.5, ""Sn"": 0.5, ""O"": 3.0}"
mp-1373655,Ca2TaTiO6,Ca-O-Ta-Ti,Ca-O-Ta-Ti,B,1,False,0.004500878789054,0.9497414610054608,0.9579592486779432,0.0,0.0175,0.5,1.34,0.6225,2.0,4.5,"[""Ca""]",[1.0],"[""Ta"", ""Ti""]","[0.5, 0.5]","{""Ca"": 1.0, ""Ta"": 0.5, ""Ti"": 0.5, ""O"": 3.0}"
mp-1373426,Ca2TaVO6,Ca-O-Ta-V,Ca-O-Ta-V,B,1,True,0.0,0.9497414610054608,0.9736043117844926,0.0,0.0499999999999999,1.0,1.34,0.5900000000000001,2.0,5.0,"[""Ca""]",[1.0],"[""Ta"", ""V""]","[0.5, 0.5]","{""Ca"": 1.0, ""Ta"": 0.5, ""V"": 0.5, ""O"": 3.0}"
mp-756837,Ca4Zr3TaO12,Ca-O-Ta-Zr,Ca-O-Ta-Zr,B,1,False,0.033095923976667,0.9139021605901604,0.9226059906910192,0.0,0.0346410161513775,0.25,1.34,0.7000000000000001,2.0,4.25,"[""Ca""]",[1.0],"[""Ta"", ""Zr""]","[0.25, 0.75]","{""Ca"": 1.0, ""Zr"": 0.75, ""Ta"": 0.25, ""O"": 3.0}"
mp-1518628,Ca2ZrTiO6,Ca-O-Ti-Zr,Ca-O-Ti-Zr,B,0,False,0.133689823,0.9663204890030626,0.9393806450672196,0.0,0.0574999999999999,0.0,1.34,0.6625,2.0,4.0,"[""Ca""]",[1.0],"[""Ti"", ""Zr""]","[0.5, 0.5]","{""Ca"": 1.0, ""Zr"": 0.5, ""Ti"": 0.5, ""O"": 3.0}"
mp-1207110,K2TaNbO6,K-Nb-O-Ta,K-Nb-O-Ta,B,1,False,0.007399298999997,1.0537277523564237,1.0537277523564237,0.0,0.0,0.0,1.64,0.64,1.0,5.0,"[""K""]",[1.0],"[""Nb"", ""Ta""]","[0.5, 0.5]","{""K"": 1.0, ""Ta"": 0.5, ""Nb"": 0.5, ""O"": 3.0}"
mp-1207114,K2TaNbO6,K-Nb-O-Ta,K-Nb-O-Ta,B,1,False,0.006959499999997,1.0537277523564237,1.0537277523564237,0.0,0.0,0.0,1.64,0.64,1.0,5.0,"[""K""]",[1.0],"[""Nb"", ""Ta""]","[0.5, 0.5]","{""K"": 1.0, ""Ta"": 0.5, ""Nb"": 0.5, ""O"": 3.0}"
mp-1223769,K4Ta3NbO12,K-Nb-O-Ta,K-Nb-O-Ta,B,1,False,0.003726256,1.0537277523564237,1.0537277523564237,0.0,0.0,0.0,1.64,0.64,1.0,5.0,"[""K""]",[1.0],"[""Nb"", ""Ta""]","[0.25, 0.75]","{""K"": 1.0, ""Ta"": 0.75, ""Nb"": 0.25, ""O"": 3.0}"
mp-997585,La8Al7GaO24,Al-Ga-La-O,Al-Ga-La-O,B,1,False,0.01924553576787,1.0085864165761609,1.003078556286474,0.0,0.0281111076800612,0.0,1.36,0.545625,3.0,3.0,"[""La""]",[1.0],"[""Al"", ""Ga""]","[0.875, 0.125]","{""La"": 1.0, ""Al"": 0.875, ""Ga"": 0.125, ""O"": 3.0}"
mp-1223369,La2CrFeO6,Cr-Fe-La-O,Cr-Fe-La-O,B,1,False,0.004915151750001,0.9685432834118468,0.9613865596427936,0.0,0.015,0.0,1.36,0.63,3.0,3.0,"[""La""]",[1.0],"[""Cr"", ""Fe""]","[0.5, 0.5]","{""La"": 1.0, ""Cr"": 0.5, ""Fe"": 0.5, ""O"": 3.0}"
mp-1223342,La2MnCrO6,Cr-La-Mn-O,Cr-La-Mn-O,B,0,False,0.085102830261913,0.9685432834118468,0.989411769873192,0.0,0.0424999999999999,0.5,1.36,0.5725,3.0,3.5,"[""La""]",[1.0],"[""Cr"", ""Mn""]","[0.5, 0.5]","{""La"": 1.0, ""Mn"": 0.5, ""Cr"": 0.5, ""O"": 3.0}"
mp-1666963,La2MnCrO6,Cr-La-Mn-O,Cr-La-Mn-O,B,0,False,0.082428584261911,0.9685432834118468,0.989411769873192,0.0,0.0424999999999999,0.5,1.36,0.5725,3.0,3.5,"[""La""]",[1.0],"[""Cr"", ""Mn""]","[0.5, 0.5]","{""La"": 1.0, ""Mn"": 0.5, ""Cr"": 0.5, ""O"": 3.0}"
mp-1276293,La2TiCrO6,Cr-La-O-Ti,Cr-La-O-Ti,B,0,False,0.081023991666674,0.9685432834118468,0.970952595062125,0.0,0.005,0.5,1.36,0.61,3.0,3.5,"[""La""]",[1.0],"[""Cr"", ""Ti""]","[0.5, 0.5]","{""La"": 1.0, ""Ti"": 0.5, ""Cr"": 0.5, ""O"": 3.0}"
mp-1276363,La2TiCrO6,Cr-La-O-Ti,Cr-La-O-Ti,B,0,False,0.080919039666675,0.9685432834118468,0.970952595062125,0.0,0.005,0.5,1.36,0.61,3.0,3.5,"[""La""]",[1.0],"[""Cr"", ""Ti""]","[0.5, 0.5]","{""La"": 1.0, ""Ti"": 0.5, ""Cr"": 0.5, ""O"": 3.0}"
mp-1277771,La2TiCrO6,Cr-La-O-Ti,Cr-La-O-Ti,B,0,False,0.079850403666673,0.9685432834118468,0.970952595062125,0.0,0.005,0.5,1.36,0.61,3.0,3.5,"[""La""]",[1.0],"[""Cr"", ""Ti""]","[0.5, 0.5]","{""La"": 1.0, ""Ti"": 0.5, ""Cr"": 0.5, ""O"": 3.0}"
mp-1279644,La2TiCrO6,Cr-La-O-Ti,Cr-La-O-Ti,B,0,False,0.081038337666674,0.9685432834118468,0.970952595062125,0.0,0.005,0.5,1.36,0.61,3.0,3.5,"[""La""]",[1.0],"[""Cr"", ""Ti""]","[0.5, 0.5]","{""La"": 1.0, ""Ti"": 0.5, ""Cr"": 0.5, ""O"": 3.0}"
mp-1223350,La2GaFeO6,Fe-Ga-La-O,Fe-Ga-La-O,B,1,False,0.019171278321419,0.9543348244864894,0.96020404234926,0.0,0.0125,0.0,1.36,0.6325000000000001,3.0,3.0,"[""La""]",[1.0],"[""Fe"", ""Ga""]","[0.5, 0.5]","{""La"": 1.0, ""Ga"": 0.5, ""Fe"": 0.5, ""O"": 3.0}"
mp-1223050,La4Ga3FeO12,Fe-Ga-La-O,Fe-Ga-La-O,B,1,False,0.026121010232158,0.9661458990469658,0.963165806822885,0.0,0.0108253175473054,0.0,1.36,0.62625,3.0,3.0,"[""La""]",[1.0],"[""Fe"", ""Ga""]","[0.25, 0.75]","{""La"": 1.0, ""Ga"": 0.75, ""Fe"": 0.25, ""O"": 3.0}"
mp-1223233,La2VFeO6,Fe-La-O-V,Fe-La-O-V,B,1,False,0.0023092195,0.9543348244864894,0.9794804095733356,0.0,0.0524999999999999,1.0,1.36,0.5925,3.0,4.0,"[""La""]",[1.0],"[""Fe"", ""V""]","[0.5, 0.5]","{""La"": 1.0, ""V"": 0.5, ""Fe"": 0.5, ""O"": 3.0}"
mp-1651775,La2VFeO6,Fe-La-O-V,Fe-La-O-V,B,1,False,0.021312296000001,0.9543348244864894,0.9794804095733356,0.0,0.0524999999999999,1.0,1.36,0.5925,3.0,4.0,"[""La""]",[1.0],"[""Fe"", ""V""]","[0.5, 0.5]","{""La"": 1.0, ""V"": 0.5, ""Fe"": 0.5, ""O"": 3.0}"
mp-1223352,La2MnGaO6,Ga-La-Mn-O,Ga-La-Mn-O,B,0,False,0.097334189134352,0.9661458990469658,0.9881593499113271,0.0,0.0449999999999999,0.5,1.36,0.575,3.0,3.5,"[""La""]",[1.0],"[""Ga"", ""Mn""]","[0.5, 0.5]","{""La"": 1.0, ""Mn"": 0.5, ""Ga"": 0.5, ""O"": 3.0}"
mp-1223138,La2TiMnO6,La-Mn-O-Ti,La-Mn-O-Ti,B,1,False,0.024299401000009,1.011199334753819,0.9919261581066688,0.0,0.0374999999999999,1.0,1.36,0.5675,3.0,4.0,"[""La""]",[1.0],"[""Mn"", ""Ti""]","[0.5, 0.5]","{""La"": 1.0, ""Ti"": 0.5, ""Mn"": 0.5, ""O"": 3.0}"
mp-560369,La2MnVO6,La-Mn-O-V,La-Mn-O-V,B,1,False,0.048445869511915,1.011199334753819,1.0085864165761609,0.0,0.005,1.5,1.36,0.535,3.0,4.5,"[""La""]",[1.0],"[""Mn"", ""V""]","[0.5, 0.5]","{""La"": 1.0, ""Mn"": 0.5, ""V"": 0.5, ""O"": 3.0}"
mp-997599,Na8Ta7VO24,Na-O-Ta-V,Na-O-Ta-V,B,1,False,0.040066526437501,0.9670725095639544,0.9730347321876536,0.0,0.0330718913883073,0.0,1.39,0.6275000000000001,1.0,5.0,"[""Na""]",[1.0],"[""Ta"", ""V""]","[0.875, 0.125]","{""Na"": 1.0, ""Ta"": 0.875, ""V"": 0.125, ""O"": 3.0}"
mp-1220516,Nd2MnCrO6,Cr-Mn-Nd-O,Cr-Mn-Nd-O,B,1,False,0.020478805750002,0.9474879946420242,0.9679028183542095,0.0,0.0424999999999999,0.5,1.3,0.5725,3.0,3.5,"[""Nd""]",[1.0],"[""Cr"", ""Mn""]","[0.5, 0.5]","{""Nd"": 1.0, ""Mn"": 0.5, ""Cr"": 0.5, ""O"": 3.0}"
mp-1220545,Nd2MnFeO6,Fe-Mn-Nd-O,Fe-Mn-Nd-O,B,1,False,0.011050126500014,0.9335884152585224,0.9605978914232344,0.0,0.0574999999999999,0.5,1.3,0.5875,3.0,3.5,"[""Nd""]",[1.0],"[""Fe"", ""Mn""]","[0.5, 0.5]","{""Nd"": 1.0, ""Mn"": 0.5, ""Fe"": 0.5, ""O"": 3.0}"
mp-1220528,Nd2VFeO6,Fe-Nd-O-V,Fe-Nd-O-V,B,1,True,0.0,0.9335884152585224,0.9581873571913068,0.0,0.0524999999999999,1.0,1.3,0.5925,3.0,4.0,"[""Nd""]",[1.0],"[""Fe"", ""V""]","[0.5, 0.5]","{""Nd"": 1.0, ""V"": 0.5, ""Fe"": 0.5, ""O"": 3.0}"
mp-1220573,Nd2MnGaO6,Ga-Mn-Nd-O,Ga-Mn-Nd-O,B,1,False,0.028785043916707,0.9451427273285536,0.9666776249132548,0.0,0.0449999999999999,0.5,1.3,0.575,3.0,3.5,"[""Nd""]",[1.0],"[""Ga"", ""Mn""]","[0.5, 0.5]","{""Nd"": 1.0, ""Mn"": 0.5, ""Ga"": 0.5, ""O"": 3.0}"
mp-1219885,Pr2VFeO6,Fe-O-Pr-V,Fe-O-Pr-V,B,1,True,0.0,0.940503885001178,0.9652850413186496,0.0,0.0524999999999999,1.0,1.32,0.5925,3.0,4.0,"[""Pr""]",[1.0],"[""Fe"", ""V""]","[0.5, 0.5]","{""Pr"": 1.0, ""V"": 0.5, ""Fe"": 0.5, ""O"": 3.0}"
mp-1206057,Sr2NbAlO6,Al-Nb-O-Sr,Al-Nb-O-Sr,B,1,True,0.0,1.037820805462426,1.010406670978513,0.0,0.0524999999999999,0.0,1.44,0.5875,2.0,4.0,"[""Sr""]",[1.0],"[""Al"", ""Nb""]","[0.5, 0.5]","{""Sr"": 1.0, ""Nb"": 0.5, ""Al"": 0.5, ""O"": 3.0}"
mp-1147547,Sr2TaAlO6,Al-O-Sr-Ta,Al-O-Sr-Ta,B,0,False,0.051430603999998,1.037820805462426,1.010406670978513,0.0,0.0524999999999999,0.0,1.44,0.5875,2.0,4.0,"[""Sr""]",[1.0],"[""Al"", ""Ta""]","[0.5, 0.5]","{""Sr"": 1.0, ""Ta"": 0.5, ""Al"": 0.5, ""O"": 3.0}"
mp-1205594,Sr2TaAlO6,Al-O-Sr-Ta,Al-O-Sr-Ta,B,1,True,0.0,1.037820805462426,1.010406670978513,0.0,0.0524999999999999,0.0,1.44,0.5875,2.0,4.0,"[""Sr""]",[1.0],"[""Al"", ""Ta""]","[0.5, 0.5]","{""Sr"": 1.0, ""Ta"": 0.5, ""Al"": 0.5, ""O"": 3.0}"
mp-1095039,Sr2HfCrO6,Cr-Hf-O-Sr,Cr-Hf-O-Sr,B,1,False,0.033016028468754,0.9966170017716104,0.973664610215658,0.0,0.0474999999999999,0.5,1.44,0.6625,2.0,3.5,"[""Sr""]",[1.0],"[""Cr"", ""Hf""]","[0.5, 0.5]","{""Sr"": 1.0, ""Hf"": 0.5, ""Cr"": 0.5, ""O"": 3.0}"
mp-1218765,Sr2MnCrO6,Cr-Mn-O-Sr,Cr-Mn-O-Sr,B,0,False,0.061442956111123,0.9966170017716104,1.018090371898502,0.0,0.0424999999999999,0.5,1.44,0.5725,2.0,3.5,"[""Sr""]",[1.0],"[""Cr"", ""Mn""]","[0.5, 0.5]","{""Sr"": 1.0, ""Mn"": 0.5, ""Cr"": 0.5, ""O"": 3.0}"
mp-1205690,Sr2NbCrO6,Cr-Nb-O-Sr,Cr-Nb-O-Sr,B,1,True,0.0,0.9966170017716104,0.9904726306139556,0.0,0.0125,0.0,1.44,0.6275,2.0,4.0,"[""Sr""]",[1.0],"[""Cr"", ""Nb""]","[0.5, 0.5]","{""Sr"": 1.0, ""Nb"": 0.5, ""Cr"": 0.5, ""O"": 3.0}"
mp-1521920,Sr2CrSnO6,Cr-O-Sn-Sr,Cr-O-Sn-Sr,B,0,False,0.097284149083337,0.9966170017716104,0.9784084085601924,0.0,0.0374999999999999,0.5,1.44,0.6525,2.0,3.5,"[""Sr""]",[1.0],"[""Cr"", ""Sn""]","[0.5, 0.5]","{""Sr"": 1.0, ""Cr"": 0.5, ""Sn"": 0.5, ""O"": 3.0}"
mp-31624,Sr2TaCrO6,Cr-O-Sr-Ta,Cr-O-Sr-Ta,B,1,False,0.00302460025,0.9966170017716104,0.9904726306139556,0.0,0.0125,0.0,1.44,0.6275,2.0,4.0,"[""Sr""]",[1.0],"[""Cr"", ""Ta""]","[0.5, 0.5]","{""Sr"": 1.0, ""Ta"": 0.5, ""Cr"": 0.5, ""O"": 3.0}"
mp-1080742,Sr2ZrCrO6,Cr-O-Sr-Zr,Cr-O-Sr-Zr,B,1,False,0.035371136968743,0.9966170017716104,0.9713099195017146,0.0,0.0524999999999999,0.5,1.44,0.6675,2.0,3.5,"[""Sr""]",[1.0],"[""Cr"", ""Zr""]","[0.5, 0.5]","{""Sr"": 1.0, ""Zr"": 0.5, ""Cr"": 0.5, ""O"": 3.0}"
mp-1078912,Sr2HfFeO6,Fe-Hf-O-Sr,Fe-Hf-O-Sr,B,1,False,0.042010477999998,0.9819967034571124,0.9666345408278196,0.0,0.0324999999999999,0.5,1.44,0.6775,2.0,3.5,"[""Sr""]",[1.0],"[""Fe"", ""Hf""]","[0.5, 0.5]","{""Sr"": 1.0, ""Hf"": 0.5, ""Fe"": 0.5, ""O"": 3.0}"
mp-1279561,Sr2HfFeO6,Fe-Hf-O-Sr,Fe-Hf-O-Sr,B,1,False,0.046882457999998,0.9819967034571124,0.9666345408278196,0.0,0.0324999999999999,0.5,1.44,0.6775,2.0,3.5,"[""Sr""]",[1.0],"[""Fe"", ""Hf""]","[0.5, 0.5]","{""Sr"": 1.0, ""Hf"": 0.5, ""Fe"": 0.5, ""O"": 3.0}"
mp-1076445,Sr8MnFe7O24,Fe-Mn-O-Sr,Fe-Mn-O-Sr,B,1,False,0.002760529562499,0.9819967034571124,0.9889483575597636,0.0,0.0380326750965534,0.875,1.44,0.6306250000000001,2.0,3.125,"[""Sr""]",[1.0],"[""Fe"", ""Mn""]","[0.875, 0.125]","{""Sr"": 1.0, ""Mn"": 0.125, ""Fe"": 0.875, ""O"": 3.0}"
mp-1218741,Sr2NbFeO6,Fe-Nb-O-Sr,Fe-Nb-O-Sr,B,1,True,0.0,0.9819967034571124,0.983198657806509,0.0,0.0025,0.0,1.44,0.6425000000000001,2.0,4.0,"[""Sr""]",[1.0],"[""Fe"", ""Nb""]","[0.5, 0.5]","{""Sr"": 1.0, ""Nb"": 0.5, ""Fe"": 0.5, ""O"": 3.0}"
mp-1218744,Sr2NbFeO6,Fe-Nb-O-Sr,Fe-Nb-O-Sr,B,1,False,0.028689800999998,0.9819967034571124,0.983198657806509,0.0,0.0025,0.0,1.44,0.6425000000000001,2.0,4.0,"[""Sr""]",[1.0],"[""Fe"", ""Nb""]","[0.5, 0.5]","{""Sr"": 1.0, ""Nb"": 0.5, ""Fe"": 0.5, ""O"": 3.0}"
mp-1218817,Sr2FeSnO6,Fe-O-Sn-Sr,Fe-O-Sn-Sr,B,0,False,0.054109509750002,0.9819967034571124,0.9713099195017146,0.0,0.0224999999999999,0.5,1.44,0.6675,2.0,3.5,"[""Sr""]",[1.0],"[""Fe"", ""Sn""]","[0.5, 0.5]","{""Sr"": 1.0, ""Fe"": 0.5, ""Sn"": 0.5, ""O"": 3.0}"
mp-1218818,Sr2FeSnO6,Fe-O-Sn-Sr,Fe-O-Sn-Sr,B,1,False,0.04603863775,0.9819967034571124,0.9713099195017146,0.0,0.0224999999999999,0.5,1.44,0.6675,2.0,3.5,"[""Sr""]",[1.0],"[""Fe"", ""Sn""]","[0.5, 0.5]","{""Sr"": 1.0, ""Fe"": 0.5, ""Sn"": 0.5, ""O"": 3.0}"
mp-1218821,Sr2FeSnO6,Fe-O-Sn-Sr,Fe-O-Sn-Sr,B,0,False,0.055020787749999,0.9819967034571124,0.9713099195017146,0.0,0.0224999999999999,0.5,1.44,0.6675,2.0,3.5,"[""Sr""]",[1.0],"[""Fe"", ""Sn""]","[0.5, 0.5]","{""Sr"": 1.0, ""Fe"": 0.5, ""Sn"": 0.5, ""O"": 3.0}"
mp-1272721,Sr2FeSnO6,Fe-O-Sn-Sr,Fe-O-Sn-Sr,B,0,False,0.055667305750001,0.9819967034571124,0.9713099195017146,0.0,0.0224999999999999,0.5,1.44,0.6675,2.0,3.5,"[""Sr""]",[1.0],"[""Fe"", ""Sn""]","[0.5, 0.5]","{""Sr"": 1.0, ""Fe"": 0.5, ""Sn"": 0.5, ""O"": 3.0}"
mp-1274243,Sr2FeSnO6,Fe-O-Sn-Sr,Fe-O-Sn-Sr,B,0,False,0.051598310750001,0.9819967034571124,0.9713099195017146,0.0,0.0224999999999999,0.5,1.44,0.6675,2.0,3.5,"[""Sr""]",[1.0],"[""Fe"", ""Sn""]","[0.5, 0.5]","{""Sr"": 1.0, ""Fe"": 0.5, ""Sn"": 0.5, ""O"": 3.0}"
mp-1274766,Sr2FeSnO6,Fe-O-Sn-Sr,Fe-O-Sn-Sr,B,0,False,0.056670275750001,0.9819967034571124,0.9713099195017146,0.0,0.0224999999999999,0.5,1.44,0.6675,2.0,3.5,"[""Sr""]",[1.0],"[""Fe"", ""Sn""]","[0.5, 0.5]","{""Sr"": 1.0, ""Fe"": 0.5, ""Sn"": 0.5, ""O"": 3.0}"
mp-1292799,Sr2FeSnO6,Fe-O-Sn-Sr,Fe-O-Sn-Sr,B,1,False,0.045939711000001,0.9819967034571124,0.9713099195017146,0.0,0.0224999999999999,0.5,1.44,0.6675,2.0,3.5,"[""Sr""]",[1.0],"[""Fe"", ""Sn""]","[0.5, 0.5]","{""Sr"": 1.0, ""Fe"": 0.5, ""Sn"": 0.5, ""O"": 3.0}"
mp-1295905,Sr2FeSnO6,Fe-O-Sn-Sr,Fe-O-Sn-Sr,B,1,False,0.046059510750001,0.9819967034571124,0.9713099195017146,0.0,0.0224999999999999,0.5,1.44,0.6675,2.0,3.5,"[""Sr""]",[1.0],"[""Fe"", ""Sn""]","[0.5, 0.5]","{""Sr"": 1.0, ""Fe"": 0.5, ""Sn"": 0.5, ""O"": 3.0}"
mp-1297347,Sr2FeSnO6,Fe-O-Sn-Sr,Fe-O-Sn-Sr,B,0,False,0.056923677500001,0.9819967034571124,0.9713099195017146,0.0,0.0224999999999999,0.5,1.44,0.6675,2.0,3.5,"[""Sr""]",[1.0],"[""Fe"", ""Sn""]","[0.5, 0.5]","{""Sr"": 1.0, ""Fe"": 0.5, ""Sn"": 0.5, ""O"": 3.0}"
mp-2896279,Sr2FeSnO6,Fe-O-Sn-Sr,Fe-O-Sn-Sr,B,0,False,0.065674915749998,0.9819967034571124,0.9713099195017146,0.0,0.0224999999999999,0.5,1.44,0.6675,2.0,3.5,"[""Sr""]",[1.0],"[""Fe"", ""Sn""]","[0.5, 0.5]","{""Sr"": 1.0, ""Fe"": 0.5, ""Sn"": 0.5, ""O"": 3.0}"
mp-1218705,Sr2TaFeO6,Fe-O-Sr-Ta,Fe-O-Sr-Ta,B,1,False,0.008194262499985,0.9819967034571124,0.983198657806509,0.0,0.0025,0.0,1.44,0.6425000000000001,2.0,4.0,"[""Sr""]",[1.0],"[""Fe"", ""Ta""]","[0.5, 0.5]","{""Sr"": 1.0, ""Ta"": 0.5, ""Fe"": 0.5, ""O"": 3.0}"
mp-31760,Sr2TaFeO6,Fe-O-Sr-Ta,Fe-O-Sr-Ta,B,1,True,0.0,0.9819967034571124,0.983198657806509,0.0,0.0025,0.0,1.44,0.6425000000000001,2.0,4.0,"[""Sr""]",[1.0],"[""Fe"", ""Ta""]","[0.5, 0.5]","{""Sr"": 1.0, ""Ta"": 0.5, ""Fe"": 0.5, ""O"": 3.0}"
mp-1094048,Sr2TiFeO6,Fe-O-Sr-Ti,Fe-O-Sr-Ti,B,1,False,0.022026803999999,0.9819967034571124,0.9916954363307628,0.0,0.02,0.5,1.44,0.625,2.0,3.5,"[""Sr""]",[1.0],"[""Fe"", ""Ti""]","[0.5, 0.5]","{""Sr"": 1.0, ""Ti"": 0.5, ""Fe"": 0.5, ""O"": 3.0}"
mp-1218692,Sr2TiFeO6,Fe-O-Sr-Ti,Fe-O-Sr-Ti,B,1,False,0.006783151749999,0.9819967034571124,0.9916954363307628,0.0,0.02,0.5,1.44,0.625,2.0,3.5,"[""Sr""]",[1.0],"[""Fe"", ""Ti""]","[0.5, 0.5]","{""Sr"": 1.0, ""Ti"": 0.5, ""Fe"": 0.5, ""O"": 3.0}"
mp-1292063,Sr2TiFeO6,Fe-O-Sr-Ti,Fe-O-Sr-Ti,B,1,False,0.006864951,0.9819967034571124,0.9916954363307628,0.0,0.02,0.5,1.44,0.625,2.0,3.5,"[""Sr""]",[1.0],"[""Fe"", ""Ti""]","[0.5, 0.5]","{""Sr"": 1.0, ""Ti"": 0.5, ""Fe"": 0.5, ""O"": 3.0}"
mp-1218575,Sr5Ti4FeO15,Fe-O-Sr-Ti,Fe-O-Sr-Ti,B,1,False,0.0124987656,1.001587660134561,0.9976071825980104,0.0,0.016,0.1999999999999993,1.44,0.613,2.0,3.8,"[""Sr""]",[1.0],"[""Fe"", ""Ti""]","[0.2, 0.8]","{""Sr"": 1.0, ""Ti"": 0.8, ""Fe"": 0.2, ""O"": 3.0}"
mp-1520386,Sr2ZrFeO6,Fe-O-Sr-Zr,Fe-O-Sr-Zr,B,0,False,0.052490123749999,0.9819967034571124,0.9643136895893372,0.0,0.0374999999999999,0.5,1.44,0.6825,2.0,3.5,"[""Sr""]",[1.0],"[""Fe"", ""Zr""]","[0.5, 0.5]","{""Sr"": 1.0, ""Zr"": 0.5, ""Fe"": 0.5, ""O"": 3.0}"
mp-1205677,Sr2NbGaO6,Ga-Nb-O-Sr,Ga-Nb-O-Sr,B,1,False,0.008673644375006,0.9941501280048488,0.9892528367338892,0.0,0.01,0.0,1.44,0.63,2.0,4.0,"[""Sr""]",[1.0],"[""Ga"", ""Nb""]","[0.5, 0.5]","{""Sr"": 1.0, ""Nb"": 0.5, ""Ga"": 0.5, ""O"": 3.0}"
mp-1218739,Sr2NbGaO6,Ga-Nb-O-Sr,Ga-Nb-O-Sr,B,1,False,0.014333445375006,0.9941501280048488,0.9892528367338892,0.0,0.01,0.0,1.44,0.63,2.0,4.0,"[""Sr""]",[1.0],"[""Ga"", ""Nb""]","[0.5, 0.5]","{""Sr"": 1.0, ""Nb"": 0.5, ""Ga"": 0.5, ""O"": 3.0}"
mp-1518847,Sr2HfNbO6,Hf-Nb-O-Sr,Hf-Nb-O-Sr,B,0,False,0.058863881964306,0.9517456201752582,0.9677991607565276,0.0,0.0349999999999999,0.5,1.44,0.675,2.0,4.5,"[""Sr""]",[1.0],"[""Hf"", ""Nb""]","[0.5, 0.5]","{""Sr"": 1.0, ""Hf"": 0.5, ""Nb"": 0.5, ""O"": 3.0}"
mp-1520511,Sr2HfSnO6,Hf-O-Sn-Sr,Hf-O-Sn-Sr,B,1,False,0.018647883249999,0.9517456201752582,0.9562777421760928,0.0,0.01,0.0,1.44,0.7,2.0,4.0,"[""Sr""]",[1.0],"[""Hf"", ""Sn""]","[0.5, 0.5]","{""Sr"": 1.0, ""Hf"": 0.5, ""Sn"": 0.5, ""O"": 3.0}"
mp-1218807,Sr2HfTiO6,Hf-O-Sr-Ti,Hf-O-Sr-Ti,B,1,False,0.018669173500002,0.9517456201752582,0.9760307453559148,0.0,0.0524999999999999,0.0,1.44,0.6575,2.0,4.0,"[""Sr""]",[1.0],"[""Hf"", ""Ti""]","[0.5, 0.5]","{""Sr"": 1.0, ""Hf"": 0.5, ""Ti"": 0.5, ""O"": 3.0}"
mp-1523046,Sr2HfTiO6,Hf-O-Sr-Ti,Hf-O-Sr-Ti,B,1,False,0.021714934500003,0.9517456201752582,0.9760307453559148,0.0,0.0524999999999999,0.0,1.44,0.6575,2.0,4.0,"[""Sr""]",[1.0],"[""Hf"", ""Ti""]","[0.5, 0.5]","{""Sr"": 1.0, ""Hf"": 0.5, ""Ti"": 0.5, ""O"": 3.0}"
mp-1218574,Sr4Hf3TiO12,Hf-O-Sr-Ti,Hf-O-Sr-Ti,B,1,False,0.015858196250004,0.9517456201752582,0.9637352170700876,0.0,0.045466333698683,0.0,1.44,0.68375,2.0,4.0,"[""Sr""]",[1.0],"[""Hf"", ""Ti""]","[0.75, 0.25]","{""Sr"": 1.0, ""Hf"": 0.75, ""Ti"": 0.25, ""O"": 3.0}"
mp-1218423,Sr4HfTi3O12,Hf-O-Sr-Ti,Hf-O-Sr-Ti,B,1,False,0.018961286250004,1.001587660134561,0.9886440657574376,0.0,0.045466333698683,0.0,1.44,0.63125,2.0,4.0,"[""Sr""]",[1.0],"[""Hf"", ""Ti""]","[0.25, 0.75]","{""Sr"": 1.0, ""Hf"": 0.25, ""Ti"": 0.75, ""O"": 3.0}"
mp-1518433,Sr2HfVO6,Hf-O-Sr-V,Hf-O-Sr-V,B,0,False,0.058042872930116,0.9517456201752582,0.9916954363307628,0.0,0.0849999999999999,0.5,1.44,0.625,2.0,4.5,"[""Sr""]",[1.0],"[""Hf"", ""V""]","[0.5, 0.5]","{""Sr"": 1.0, ""Hf"": 0.5, ""V"": 0.5, ""O"": 3.0}"
mp-1519753,Sr2HfZrO6,Hf-O-Sr-Zr,Hf-O-Sr-Zr,B,1,False,0.044067718249998,0.9517456201752582,0.949495630529454,0.0,0.005,0.0,1.44,0.715,2.0,4.0,"[""Sr""]",[1.0],"[""Hf"", ""Zr""]","[0.5, 0.5]","{""Sr"": 1.0, ""Hf"": 0.5, ""Zr"": 0.5, ""O"": 3.0}"
mp-1078887,Sr2MnNbO6,Mn-Nb-O-Sr,Mn-Nb-O-Sr,B,1,False,0.030933103000002,1.0405094603988574,1.0116792234608538,0.0,0.0549999999999999,0.5,1.44,0.585,2.0,4.5,"[""Sr""]",[1.0],"[""Mn"", ""Nb""]","[0.5, 0.5]","{""Sr"": 1.0, ""Mn"": 0.5, ""Nb"": 0.5, ""O"": 3.0}"
mp-1275358,Sr2MnNbO6,Mn-Nb-O-Sr,Mn-Nb-O-Sr,B,1,False,0.010372279750001,1.0405094603988574,1.0116792234608538,0.0,0.0549999999999999,0.5,1.44,0.585,2.0,4.5,"[""Sr""]",[1.0],"[""Mn"", ""Nb""]","[0.5, 0.5]","{""Sr"": 1.0, ""Mn"": 0.5, ""Nb"": 0.5, ""O"": 3.0}"
mp-1523324,Sr2MnSnO6,Mn-O-Sn-Sr,Mn-O-Sn-Sr,B,0,False,0.060910077999999,1.0405094603988574,0.9990961485421864,0.0,0.0799999999999999,0.0,1.44,0.61,2.0,4.0,"[""Sr""]",[1.0],"[""Mn"", ""Sn""]","[0.5, 0.5]","{""Sr"": 1.0, ""Mn"": 0.5, ""Sn"": 0.5, ""O"": 3.0}"
mp-1218683,Sr2TaMnO6,Mn-O-Sr-Ta,Mn-O-Sr-Ta,B,1,False,0.02445548799997,1.0405094603988574,1.0116792234608538,0.0,0.0549999999999999,0.5,1.44,0.585,2.0,4.5,"[""Sr""]",[1.0],"[""Mn"", ""Ta""]","[0.5, 0.5]","{""Sr"": 1.0, ""Ta"": 0.5, ""Mn"": 0.5, ""O"": 3.0}"
mp-1272719,Sr2TaMnO6,Mn-O-Sr-Ta,Mn-O-Sr-Ta,B,1,False,0.001638150999969,1.0405094603988574,1.0116792234608538,0.0,0.0549999999999999,0.5,1.44,0.585,2.0,4.5,"[""Sr""]",[1.0],"[""Mn"", ""Ta""]","[0.5, 0.5]","{""Sr"": 1.0, ""Ta"": 0.5, ""Mn"": 0.5, ""O"": 3.0}"
mp-1284552,Sr2TaMnO6,Mn-O-Sr-Ta,Mn-O-Sr-Ta,B,1,True,0.0,1.0405094603988574,1.0116792234608538,0.0,0.0549999999999999,0.5,1.44,0.585,2.0,4.5,"[""Sr""]",[1.0],"[""Mn"", ""Ta""]","[0.5, 0.5]","{""Sr"": 1.0, ""Ta"": 0.5, ""Mn"": 0.5, ""O"": 3.0}"
mp-1099881,Sr2TiMnO6,Mn-O-Sr-Ti,Mn-O-Sr-Ti,B,1,False,0.014079654000001,1.0405094603988574,1.0206776409503404,0.0,0.0374999999999999,0.0,1.44,0.5675,2.0,4.0,"[""Sr""]",[1.0],"[""Mn"", ""Ti""]","[0.5, 0.5]","{""Sr"": 1.0, ""Ti"": 0.5, ""Mn"": 0.5, ""O"": 3.0}"
mp-1206645,Sr2TiMnO6,Mn-O-Sr-Ti,Mn-O-Sr-Ti,B,1,True,0.0,1.0405094603988574,1.0206776409503404,0.0,0.0374999999999999,0.0,1.44,0.5675,2.0,4.0,"[""Sr""]",[1.0],"[""Mn"", ""Ti""]","[0.5, 0.5]","{""Sr"": 1.0, ""Ti"": 0.5, ""Mn"": 0.5, ""O"": 3.0}"
mp-1218381,Sr2TiMnO6,Mn-O-Sr-Ti,Mn-O-Sr-Ti,B,1,False,0.00953809525,1.0405094603988574,1.0206776409503404,0.0,0.0374999999999999,0.0,1.44,0.5675,2.0,4.0,"[""Sr""]",[1.0],"[""Mn"", ""Ti""]","[0.5, 0.5]","{""Sr"": 1.0, ""Ti"": 0.5, ""Mn"": 0.5, ""O"": 3.0}"
mp-1218686,Sr2TiMnO6,Mn-O-Sr-Ti,Mn-O-Sr-Ti,B,1,False,2.561550000024226e-05,1.0405094603988574,1.0206776409503404,0.0,0.0374999999999999,0.0,1.44,0.5675,2.0,4.0,"[""Sr""]",[1.0],"[""Mn"", ""Ti""]","[0.5, 0.5]","{""Sr"": 1.0, ""Ti"": 0.5, ""Mn"": 0.5, ""O"": 3.0}"
mp-1218688,Sr2TiMnO6,Mn-O-Sr-Ti,Mn-O-Sr-Ti,B,1,False,0.018500588,1.0405094603988574,1.0206776409503404,0.0,0.0374999999999999,0.0,1.44,0.5675,2.0,4.0,"[""Sr""]",[1.0],"[""Mn"", ""Ti""]","[0.5, 0.5]","{""Sr"": 1.0, ""Ti"": 0.5, ""Mn"": 0.5, ""O"": 3.0}"
mp-1080730,Sr2ZrMnO6,Mn-O-Sr-Zr,Mn-O-Sr-Zr,B,1,False,0.004860288999999,1.0405094603988574,0.9916954363307628,0.0,0.0949999999999999,0.0,1.44,0.625,2.0,4.0,"[""Sr""]",[1.0],"[""Mn"", ""Zr""]","[0.5, 0.5]","{""Sr"": 1.0, ""Zr"": 0.5, ""Mn"": 0.5, ""O"": 3.0}"
mp-1208760,Sr2ScNbO6,Nb-O-Sc-Sr,Nb-O-Sc-Sr,B,1,True,0.0,0.9844035581224484,0.9597052609652544,0.0,0.0524999999999999,0.0,1.44,0.6925,2.0,4.0,"[""Sr""]",[1.0],"[""Nb"", ""Sc""]","[0.5, 0.5]","{""Sr"": 1.0, ""Sc"": 0.5, ""Nb"": 0.5, ""O"": 3.0}"
mp-1521167,Sr2NbSnO6,Nb-O-Sn-Sr,Nb-O-Sn-Sr,B,0,False,0.158613873312477,0.9844035581224484,0.9724858395011112,0.0,0.0249999999999999,0.5,1.44,0.665,2.0,4.5,"[""Sr""]",[1.0],"[""Nb"", ""Sn""]","[0.5, 0.5]","{""Sr"": 1.0, ""Nb"": 0.5, ""Sn"": 0.5, ""O"": 3.0}"
mp-1521908,Sr2ZrNbO6,Nb-O-Sr-Zr,Nb-O-Sr-Zr,B,0,False,0.054186868214301,0.9844035581224484,0.9654727204662474,0.0,0.0399999999999999,0.5,1.44,0.6799999999999999,2.0,4.5,"[""Sr""]",[1.0],"[""Nb"", ""Zr""]","[0.5, 0.5]","{""Sr"": 1.0, ""Zr"": 0.5, ""Nb"": 0.5, ""O"": 3.0}"
mp-1208776,Sr2ScTaO6,O-Sc-Sr-Ta,O-Sc-Sr-Ta,B,1,True,0.0,0.9362159713612096,0.9597052609652544,0.0,0.0524999999999999,0.0,1.44,0.6925,2.0,4.0,"[""Sr""]",[1.0],"[""Sc"", ""Ta""]","[0.5, 0.5]","{""Sr"": 1.0, ""Sc"": 0.5, ""Ta"": 0.5, ""O"": 3.0}"
mp-1519075,Sr2TiSnO6,O-Sn-Sr-Ti,O-Sn-Sr-Ti,B,1,False,0.022482149749996,0.9608532337654522,0.980797684283172,0.0,0.0424999999999999,0.0,1.44,0.6475,2.0,4.0,"[""Sr""]",[1.0],"[""Sn"", ""Ti""]","[0.5, 0.5]","{""Sr"": 1.0, ""Ti"": 0.5, ""Sn"": 0.5, ""O"": 3.0}"
mp-1519447,Sr2VSnO6,O-Sn-Sr-V,O-Sn-Sr-V,B,0,False,0.094397289124998,0.9608532337654522,0.9966170017716104,0.0,0.0749999999999999,0.5,1.44,0.615,2.0,4.5,"[""Sr""]",[1.0],"[""Sn"", ""V""]","[0.5, 0.5]","{""Sr"": 1.0, ""V"": 0.5, ""Sn"": 0.5, ""O"": 3.0}"
mp-1522474,Sr2ZrSnO6,O-Sn-Sr-Zr,O-Sn-Sr-Zr,B,1,False,0.025015835500001,0.9608532337654522,0.9540062986079784,0.0,0.015,0.0,1.44,0.705,2.0,4.0,"[""Sr""]",[1.0],"[""Sn"", ""Zr""]","[0.5, 0.5]","{""Sr"": 1.0, ""Zr"": 0.5, ""Sn"": 0.5, ""O"": 3.0}"
mp-1205944,Sr2TaVO6,O-Sr-Ta-V,O-Sr-Ta-V,B,1,True,0.0,0.9844035581224484,1.0091373158642185,0.0,0.0499999999999999,1.0,1.44,0.5900000000000001,2.0,5.0,"[""Sr""]",[1.0],"[""Ta"", ""V""]","[0.5, 0.5]","{""Sr"": 1.0, ""Ta"": 0.5, ""V"": 0.5, ""O"": 3.0}"
mp-1218702,Sr2TaVO6,O-Sr-Ta-V,O-Sr-Ta-V,B,1,False,0.008539543499999,0.9844035581224484,1.0091373158642185,0.0,0.0499999999999999,1.0,1.44,0.5900000000000001,2.0,5.0,"[""Sr""]",[1.0],"[""Ta"", ""V""]","[0.5, 0.5]","{""Sr"": 1.0, ""Ta"": 0.5, ""V"": 0.5, ""O"": 3.0}"
mp-1205663,Sr2ZrTiO6,O-Sr-Ti-Zr,O-Sr-Ti-Zr,B,1,False,0.044961566749999,1.001587660134561,0.973664610215658,0.0,0.0574999999999999,0.0,1.44,0.6625,2.0,4.0,"[""Sr""]",[1.0],"[""Ti"", ""Zr""]","[0.5, 0.5]","{""Sr"": 1.0, ""Zr"": 0.5, ""Ti"": 0.5, ""O"": 3.0}"
mp-1518526,Sr2ZrTiO6,O-Sr-Ti-Zr,O-Sr-Ti-Zr,B,1,False,0.030162758749998,1.001587660134561,0.973664610215658,0.0,0.0574999999999999,0.0,1.44,0.6625,2.0,4.0,"[""Sr""]",[1.0],"[""Ti"", ""Zr""]","[0.5, 0.5]","{""Sr"": 1.0, ""Zr"": 0.5, ""Ti"": 0.5, ""O"": 3.0}"
mp-1218572,Sr4Zr3TiO12,O-Sr-Ti-Zr,O-Sr-Ti-Zr,B,1,False,0.015402569625001,0.947256254042356,0.9602789042772478,0.0,0.0497964607176052,0.0,1.44,0.69125,2.0,4.0,"[""Sr""]",[1.0],"[""Ti"", ""Zr""]","[0.25, 0.75]","{""Sr"": 1.0, ""Zr"": 0.75, ""Ti"": 0.25, ""O"": 3.0}"
mp-1218457,Sr4ZrTi3O12,O-Sr-Ti-Zr,O-Sr-Ti-Zr,B,1,False,0.036882372375,1.001587660134561,0.9874287688112084,0.0,0.0497964607176052,0.0,1.44,0.63375,2.0,4.0,"[""Sr""]",[1.0],"[""Ti"", ""Zr""]","[0.75, 0.25]","{""Sr"": 1.0, ""Zr"": 0.25, ""Ti"": 0.75, ""O"": 3.0}"
mp-1218479,Sr4ZrTi3O12,O-Sr-Ti-Zr,O-Sr-Ti-Zr,B,1,False,0.028167664375001,1.001587660134561,0.9874287688112084,0.0,0.0497964607176052,0.0,1.44,0.63375,2.0,4.0,"[""Sr""]",[1.0],"[""Ti"", ""Zr""]","[0.75, 0.25]","{""Sr"": 1.0, ""Zr"": 0.25, ""Ti"": 0.75, ""O"": 3.0}"
mp-1218504,Sr5ZrTi4O15,O-Sr-Ti-Zr,O-Sr-Ti-Zr,B,1,False,0.028726827499998,1.001587660134561,0.9902284312474332,0.0,0.046,0.0,1.44,0.628,2.0,4.0,"[""Sr""]",[1.0],"[""Ti"", ""Zr""]","[0.8, 0.2]","{""Sr"": 1.0, ""Zr"": 0.2, ""Ti"": 0.8, ""O"": 3.0}"
mp-1218512,Sr5ZrTi4O15,O-Sr-Ti-Zr,O-Sr-Ti-Zr,B,1,False,0.031181053899999,1.001587660134561,0.9902284312474332,0.0,0.046,0.0,1.44,0.628,2.0,4.0,"[""Sr""]",[1.0],"[""Ti"", ""Zr""]","[0.8, 0.2]","{""Sr"": 1.0, ""Zr"": 0.2, ""Ti"": 0.8, ""O"": 3.0}"
mp-1218534,Sr5ZrTi4O15,O-Sr-Ti-Zr,O-Sr-Ti-Zr,B,1,False,0.016785541099999,1.001587660134561,0.9902284312474332,0.0,0.046,0.0,1.44,0.628,2.0,4.0,"[""Sr""]",[1.0],"[""Ti"", ""Zr""]","[0.8, 0.2]","{""Sr"": 1.0, ""Zr"": 0.2, ""Ti"": 0.8, ""O"": 3.0}"
mp-1079272,Sr2ZrVO6,O-Sr-V-Zr,O-Sr-V-Zr,B,1,False,0.020152114180115,1.035146009572059,0.9892528367338892,0.0,0.0899999999999999,0.5,1.44,0.63,2.0,4.5,"[""Sr""]",[1.0],"[""V"", ""Zr""]","[0.5, 0.5]","{""Sr"": 1.0, ""Zr"": 0.5, ""V"": 0.5, ""O"": 3.0}"
mp-1272971,Sr2ZrVO6,O-Sr-V-Zr,O-Sr-V-Zr,B,1,False,0.008705506930116,1.035146009572059,0.9892528367338892,0.0,0.0899999999999999,0.5,1.44,0.63,2.0,4.5,"[""Sr""]",[1.0],"[""V"", ""Zr""]","[0.5, 0.5]","{""Sr"": 1.0, ""Zr"": 0.5, ""V"": 0.5, ""O"": 3.0}"
mp-1276679,Sr2ZrVO6,O-Sr-V-Zr,O-Sr-V-Zr,B,1,False,0.017182089680115,1.035146009572059,0.9892528367338892,0.0,0.0899999999999999,0.5,1.44,0.63,2.0,4.5,"[""Sr""]",[1.0],"[""V"", ""Zr""]","[0.5, 0.5]","{""Sr"": 1.0, ""Zr"": 0.5, ""V"": 0.5, ""O"": 3.0}"
